Account,Date,CurrentDescription,OriginalDescription,Amount,L1Tag,L2Tag,L3Tag
Reward Current Account,2017-05-05,,KEEN THINKING LTD BGC,274.04,Untagged,,
Reward Current Account,2017-05-08,,WESTERN UNION xxxxxxxxxxxxxx2927 06MAY17 08:36 FPO,-318.00,Untagged,,
Reward Current Account,2017-06-05,,J FITTON DENTIST TFR,170.00,Untagged,,
Reward Current Account,2017-06-06,,WU xxxxxxxxxxx4894 CD 3511 DEB,-69.90,Untagged,,
Reward Current Account,2017-06-29,,J FITTON DENTIST TFR,300.00,Untagged,,
Reward Current Account,2017-08-10,,TOMLINS A-M ALL THE MONEY xxxxxxxxxxxxxx8001 FPI,40.00,Untagged,,
Reward Current Account,2017-08-14,,MRH BIRCHY BARTON CD 3511 DEB,-10.49,Untagged,,
Reward Current Account,2017-08-18,,J FITTON DENTIST TFR,60.00,Untagged,,
Reward Current Account,2017-08-25,,MORELA SOLUT LTD LINK MFxxxxxxxxxxxxx500 FPI,231.01,Untagged,,
Reward Current Account,2017-08-29,,OTTERY ST MARY SER CD 3511 DEB,-10.00,Untagged,,
Reward Current Account,2017-09-01,,- THORRINGTON LOGI REFERENCE - EF xxxxxxxxxxxxxx6501 FPI,187.50,Untagged,,
Reward Current Account,2017-09-04,,OAKLANDS COUNTRY S CD 3511 DEB,-11.80,Untagged,,
Reward Current Account,2017-09-05,,LOWLAND TRAINING 161773 TFR,-15.74,Untagged,,
Reward Current Account,2017-09-07,,MUSICROOM EXETER CD 3511 DEB,-6.99,Untagged,,
Reward Current Account,2017-09-07,,QUAYSIDE EXETER LT CD 3511 DEB,-2.99,Untagged,,
Reward Current Account,2017-09-08,,- THORRINGTON LOGI REFERENCE - EF xxxxxxxxxxxxxx6501 FPI,203.00,Untagged,,
Reward Current Account,2017-09-13,,MILESTONE SERVICES CD 3511 DEB,-48.47,Untagged,,
Reward Current Account,2017-09-14,,TOMLINS A-M ALL THE MONEY xxxxxxxxxxxxxx9001 FPI,40.00,Untagged,,
Reward Current Account,2017-09-15,,- THORRINGTON LOGI REFERENCE - EF xxxxxxxxxxxxxx7301 FPI,146.00,Untagged,,
Reward Current Account,2017-09-18,,THE OLD FIRE HOUSE CD 3511 DEB,-11.00,Untagged,,
Reward Current Account,2017-09-18,,THE OLD FIRE HOUSE CD 3511 DEB,-11.00,Untagged,,
Reward Current Account,2017-09-18,,THE OLD FIRE HOUSE CD 3511 DEB,-7.00,Untagged,,
Reward Current Account,2017-09-19,,WHEATSHEAF CD 3511 DEB,-1.99,Untagged,,
Reward Current Account,2017-09-21,,IMPERIAL EXETER CD 3511 DEB,-21.25,Untagged,,
Reward Current Account,2017-09-22,,- THORRINGTON LOGI REFERENCE - EF xxxxxxxxxxxxxx1901 FPI,135.00,Untagged,,
Reward Current Account,2017-10-02,,E FITTON 01OCT17 xxxxxx xxxx9632 TFR,10.00,Untagged,,
Reward Current Account,2017-10-05,,PULSE PERSONNEL LI PPL TFR,216.24,Untagged,,
Reward Current Account,2017-10-09,,GREENDALE FARMSHOP CD 3511 DEB,-0.84,Untagged,,
Reward Current Account,2017-10-12,,PULSE PERSONNEL LI PPL TFR,246.84,Untagged,,
Reward Current Account,2017-10-26,,PULSE PERSONNEL LI PPL TFR,384.44,Untagged,,
Reward Current Account,2017-10-27,,MILESTONE SERVICES CD 3511 DEB,-32.04,Untagged,,
Reward Current Account,2017-10-27,,OAKLANDS COUNTRY S CD 3511 DEB,-10.06,Untagged,,
Reward Current Account,2017-10-31,,WOODBURY SURGERY CD 3511 DEB,-8.60,Untagged,,
Reward Current Account,2017-11-02,,PULSE PERSONNEL LI PPL TFR,35.74,Untagged,,
Reward Current Account,2017-11-06,,PEARTREE CROSS CD 3511 DEB,-12.01,Untagged,,
Reward Current Account,2017-11-07,,OTTERY ST MARY SER CD 3511 DEB,-9.01,Untagged,,
Reward Current Account,2017-11-09,,PULSE PERSONNEL LI PPL TFR,149.75,Untagged,,
Reward Current Account,2017-11-14,,OAKLANDS COUNTRY S CD 3511 DEB,-11.78,Untagged,,
Reward Current Account,2017-11-16,,MILLS STORES LTD CD 3511 DEB,-2.69,Untagged,,
Reward Current Account,2017-11-16,,PULSE PERSONNEL LI PPL TFR,89.35,Untagged,,
Reward Current Account,2017-12-04,,J FITTON DENTIST 03DEC17 TFR,10.00,Untagged,,
Reward Current Account,2017-12-04,,J PETTET 03DEC17 NO BANK CARD TFR,41.00,Untagged,,
Reward Current Account,2017-12-04,,E FITTON 03DEC17 xxxxxx xxxx9632 TFR,6.43,Untagged,,
Reward Current Account,2017-12-05,,J FITTON DENTIST TFR,30.00,Untagged,,
Reward Current Account,2017-12-05,,OAKLANDS COUNTRY S CD 3511 DEB,-11.22,Untagged,,
Reward Current Account,2017-12-15,,JHP RECRUITM JHP RECRUITMENT LT xxxxxxxxxxxxxx2101 FPI,245.60,Untagged,,
Reward Current Account,2017-12-18,,OAKLANDS COUNTRY S CD 3511 DEB,-12.22,Untagged,,
Reward Current Account,2017-12-18,,EXETER ROMAN GATE DEP,200.00,Untagged,,
Reward Current Account,2017-12-18,,MILLS STORES LTD CD 3511 DEB,-2.69,Untagged,,
Reward Current Account,2017-12-21,,OAKLANDS COUNTRY S CD 3529 DEB,-10.00,Untagged,,
Reward Current Account,2017-12-27,,HERMESPARCELNETLTD BGC,45.23,Untagged,,
Reward Current Account,2017-12-27,,SIDMOUTH SELF SERV CD 3529 DEB,-10.00,Untagged,,
Reward Current Account,2017-12-27,,TOMLINS A-M ALL THE MONEY xxxxxxxxxxxxxx2101 24DEC17 FPI,50.00,Untagged,,
Reward Current Account,2017-12-28,,TOMLINS A-M ALL THE MONEY xxxxxxxxxxxxxx2101 FPI,20.00,Untagged,,
Reward Current Account,2017-12-29,,OAKLANDS COUNTRY S CD 3529 DEB,-7.01,Untagged,,
Reward Current Account,2018-01-02,,EXETER MWSA CD 3529 DEB,-2.80,Untagged,,
Reward Current Account,2018-01-02,,HERMESPARCELNETLTD BGC,310.53,Untagged,,
Reward Current Account,2018-01-08,,TOMLINS A-M ALL THE MONEY xxxxxxxxxxxxxx1001 FPI,25.00,Untagged,,
Reward Current Account,2018-01-08,,OAKLANDS COUNTRY S CD 3529 DEB,-11.22,Untagged,,
Reward Current Account,2018-01-08,,OTTERY ST MARY SER CD 3529 DEB,-4.00,Untagged,,
Reward Current Account,2018-01-08,,HERMESPARCELNETLTD BGC,132.04,Untagged,,
Reward Current Account,2018-01-09,,OTTERY ST MARY SER CD 3529 DEB,-10.00,Untagged,,
Reward Current Account,2018-01-11,,BALASAI LTD CD 3529 DEB,-10.02,Untagged,,
Reward Current Account,2018-01-15,,HERMESPARCELNETLTD BGC,503.81,Untagged,,
Reward Current Account,2018-01-15,,OAKLANDS COUNTRY S CD 3529 DEB,-10.00,Untagged,,
Reward Current Account,2018-01-18,,MILLS STORES LTD CD 3529 DEB,-10.82,Untagged,,
Reward Current Account,2018-01-18,,OAKLANDS COUNTRY S CD 3529 DEB,-14.20,Untagged,,
Reward Current Account,2018-01-22,,OAKLANDS COUNTRY S CD 3529 DEB,-2.59,Untagged,,
Reward Current Account,2018-01-22,,J FITTON DENTIST 21JAN18 TFR,20.00,Untagged,,
Reward Current Account,2018-01-22,,HERMESPARCELNETLTD BGC,584.63,Untagged,,
Reward Current Account,2018-01-24,,OAKLANDS COUNTRY S CD 3529 DEB,-11.82,Untagged,,
Reward Current Account,2018-01-25,,WORKSAFE CD 3529 DEB,-34.74,Untagged,,
Reward Current Account,2018-01-25,,THE CINNAMON TREE CD 3529 DEB,-34.65,Untagged,,
Reward Current Account,2018-01-25,,GEORGES MEETING HO CD 3529 DEB,-7.49,Untagged,,
Reward Current Account,2018-01-25,,GEORGES MEETING HO CD 3529 DEB,-5.80,Untagged,,
Reward Current Account,2018-01-25,,BALASAI LTD CD 3529 DEB,-30.81,Untagged,,
Reward Current Account,2018-01-29,,OAKLANDS COUNTRY S CD 3529 DEB,-21.25,Untagged,,
Reward Current Account,2018-01-31,,MILLS STORES LTD CD 3529 DEB,-5.73,Untagged,,
Reward Current Account,2018-02-05,,HERMESPARCELNETLTD BGC,969.21,Untagged,,
Reward Current Account,2018-02-15,,GREENDALE FARMSHOP CD 3529 DEB,-2.97,Untagged,,
Reward Current Account,2018-02-16,,MILLS STORES LTD CD 3529 DEB,-8.21,Untagged,,
Reward Current Account,2018-02-19,,MILLS STORES LTD CD 3529 DEB,-4.85,Untagged,,
Reward Current Account,2018-02-19,,OAKLANDS COUNTRY S CD 3529 DEB,-12.22,Untagged,,
Reward Current Account,2018-02-26,,OAKLANDS COUNTRY S CD 3529 DEB,-15.90,Untagged,,
Reward Current Account,2018-02-26,,MILLS STORES LTD CD 3529 DEB,-4.80,Untagged,,
Reward Current Account,2018-03-05,,OAKLANDS COUNTRY S CD 3529 DEB,-26.25,Untagged,,
Reward Current Account,2018-03-05,,MILLS STORES LTD CD 3529 DEB,-4.84,Untagged,,
Reward Current Account,2018-03-07,,OAKLANDS COUNTRY S CD 3529 DEB,-11.22,Untagged,,
Reward Current Account,2018-03-06,,MILLS STORES LTD CD 3529 DEB,-8.29,Untagged,,
Reward Current Account,2018-03-12,,HERMESPARCELNETLTD BGC,2071.24,Untagged,,
Reward Current Account,2018-03-13,,MILLS STORES LTD CD 3537 DEB,-9.85,Untagged,,
Reward Current Account,2018-03-20,,DERMASHINE CD 3537 DEB,-40.00,Untagged,,
Reward Current Account,2018-03-20,,MILLS STORES LTD CD 3537 DEB,-3.39,Untagged,,
Reward Current Account,2018-03-20,,BALASAI LTD CD 3537 DEB,-20.89,Untagged,,
Reward Current Account,2018-03-21,,OTTERY ST MARY SER CD 3537 DEB,-15.48,Untagged,,
Reward Current Account,2018-03-22,,GREENDALE FARMSHOP CD 3537 DEB,-2.51,Untagged,,
Reward Current Account,2018-03-23,,MILLS STORES LTD CD 3537 DEB,-6.70,Untagged,,
Reward Current Account,2018-03-26,,OAKLANDS COUNTRY S CD 3537 DEB,-28.34,Untagged,,
Reward Current Account,2018-03-26,,MILLS STORES LTD CD 3537 DEB,-7.09,Untagged,,
Reward Current Account,2018-04-03,,J PETTET 31MAR18 NO BANK CARD TFR,7.50,Untagged,,
Reward Current Account,2018-04-03,,FITTON ELWOOD FROM ELWOOD FITTON RPxxxxxxxxxxxx8600 31MAR18 FPI,8.49,Untagged,,
Reward Current Account,2018-04-09,,FITTON ELWOOD FROM ELWOOD FITTON RPxxxxxxxxxxxx4500 08APR18 FPI,5.00,Untagged,,
Reward Current Account,2018-04-09,,HERMESPARCELNETLTD BGC,1807.94,Untagged,,
Reward Current Account,2018-04-16,,H COX TFR,10.00,Untagged,,
Reward Current Account,2018-04-20,,GEORGES MEETING HO CD 3537 DEB,-2.65,Untagged,,
Reward Current Account,2018-04-20,,GEORGES MEETING HO CD 3537 DEB,-2.65,Untagged,,
Reward Current Account,2018-04-20,,GEORGES MEETING HO CD 3537 DEB,-2.65,Untagged,,
Reward Current Account,2018-04-23,,OTTERY ST MARY SER CD 3537 DEB,-2.99,Untagged,,
Reward Current Account,2018-04-23,,BALASAI LTD CD 3537 DEB,-22.04,Untagged,,
Reward Current Account,2018-04-23,,OAKLANDS COUNTRY S CD 3537 DEB,-5.58,Untagged,,
Reward Current Account,2018-04-23,,OAKLANDS COUNTRY S CD 3537 DEB,-11.22,Untagged,,
Reward Current Account,2018-04-23,,MILLS STORES LTD CD 3537 DEB,-3.29,Untagged,,
Reward Current Account,2018-04-26,,OAKLANDS COUNTRY S CD 3537 DEB,-8.81,Untagged,,
Reward Current Account,2018-05-04,,GEORGES MEETING HO CD 3537 DEB,-4.20,Untagged,,
Reward Current Account,2018-05-04,,GEORGES MEETING HO CD 3537 DEB,-3.15,Untagged,,
Reward Current Account,2018-05-08,,OAKLANDS COUNTRY S CD 3537 DEB,-12.86,Untagged,,
Reward Current Account,2018-05-08,,MILLS STORES LTD CD 3537 DEB,-1.29,Untagged,,
Reward Current Account,2018-05-14,,HERMESPARCELNETLTD BGC,1401.06,Untagged,,
Reward Current Account,2018-05-15,,BALASAI LTD CD 3537 DEB,-20.15,Untagged,,
Reward Current Account,2018-05-16,,WOODBURY SURGERY CD 3537 DEB,-8.80,Untagged,,
Reward Current Account,2018-05-21,,PRETTY AND SON CD 3537 DEB,-20.00,Untagged,,
Reward Current Account,2018-05-21,,OAKLANDS COUNTRY S CD 3537 DEB,-14.36,Untagged,,
Reward Current Account,2018-05-24,,THE EAST DART HOTE CD 3537 DEB,-40.40,Untagged,,
Reward Current Account,2018-05-31,,MILLS STORES LTD CD 3537 DEB,-5.63,Untagged,,
Reward Current Account,2018-06-07,,PRETTY AND SON CD 3537 DEB,-20.00,Untagged,,
Reward Current Account,2018-06-11,,HERMESPARCELNETLTD BGC,1157.48,Untagged,,
Reward Current Account,2018-06-13,,PRETTY AND SON CD 3537 DEB,-20.00,Untagged,,
Reward Current Account,2018-06-13,,MILLS STORES LTD CD 3537 DEB,-6.39,Untagged,,
Reward Current Account,2018-06-11,,MILLS STORES LTD CD 3537 DEB,-6.45,Untagged,,
Reward Current Account,2018-06-11,,OAKLANDS COUNTRY S CD 3537 DEB,-30.62,Untagged,,
Reward Current Account,2018-06-18,,BALASAI LTD CD 3537 DEB,-20.37,Untagged,,
Reward Current Account,2018-06-18,,HERMESPARCELNETLTD BGC,49.36,Untagged,,
Reward Current Account,2018-06-18,,OTTERY ST MARY SER CD 3537 DEB,-5.69,Untagged,,
Reward Current Account,2018-06-22,,MILLS STORES LTD CD 3537 DEB,-9.63,Untagged,,
Reward Current Account,2018-06-26,,MILLS STORES LTD CD 3537 DEB,-8.23,Untagged,,
Reward Current Account,2018-07-06,,EXMOUTH PAY,-50.00,Untagged,,
Reward Current Account,2018-07-09,,HERMESPARCELNETLTD BGC,1427.83,Untagged,,
Cardcash,2017-05-08,,E FITTON 07MAY17 xxxxxx xxxx3002 TFR,19.00,Untagged,,
Cardcash,2017-06-01,,RETURNED DD,2.62,Untagged,,
Cardcash,2017-09-04,,E FITTON 02SEP17 xxxxxx xxxx3002 TFR,30.00,Untagged,,
Cardcash,2017-09-11,,E FITTON 10SEP17 xxxxxx xxxx3002 TFR,120.00,Untagged,,
Cardcash,2017-10-02,,TOMLINS A-M CASH CARD 01OCT17 xxxxxxxxxxxxxx0101 FPI,30.00,Untagged,,
Cardcash,2017-10-09,,E FITTON 07OCT17 xxxxxx xxxx3002 TFR,26.89,Untagged,,
Cardcash,2017-10-16,,E FITTON 14OCT17 xxxxxx xxxx3002 TFR,20.00,Untagged,,
Cardcash,2017-11-09,,RETURNED DD,44.05,Untagged,,
Cardcash,2017-12-11,,RETURNED DD,53.54,Untagged,,
Cardcash,2017-12-19,,RETURNED DD,53.54,Untagged,,
Cardcash,2018-01-09,,RETURNED DD,72.54,Untagged,,
Cardcash,2018-03-19,,OTTERY ST MARY SER CD 4581 DEB,-2.99,Untagged,,
Cardcash,2018-03-19,,MILLS STORES LTD CD 4581 DEB,-3.65,Untagged,,
Cardcash,2018-03-28,,BALASAI LTD CD 4581 DEB,-23.77,Untagged,,
Cardcash,2018-03-29,,MILLS STORES LTD CD 4581 DEB,-3.29,Untagged,,
Cardcash,2018-04-03,,OAKLANDS COUNTRY S CD 4581 DEB,-26.23,Untagged,,
Cardcash,2018-04-03,,E FITTON 30MAR18 xxxxxx xxxx3002 TFR,50.00,Untagged,,
Cardcash,2018-04-03,,E FITTON 31MAR18 xxxxxx xxxx3002 TFR,50.00,Untagged,,
Cardcash,2018-04-03,,NEWHAM STORES CD 4581 DEB,-11.14,Untagged,,
Cardcash,2018-04-03,,MILLS STORES LTD CD 4581 DEB,-4.95,Untagged,,
Cardcash,2018-04-03,,GEORGES MEETING HO CD 4581 DEB,-7.25,Untagged,,
Cardcash,2018-04-03,,NEWHAM STORES CD 4581 DEB,-0.39,Untagged,,
Cardcash,2018-04-03,,E FITTON 31MAR18 xxxxxx xxxx3002 TFR,20.00,Untagged,,
Cardcash,2018-04-05,,OTTERY ST MARY SER CD 4581 DEB,-5.87,Untagged,,
Cardcash,2018-04-06,,MILLS STORES LTD CD 4581 DEB,-5.65,Untagged,,
Cardcash,2018-04-09,,E FITTON 07APR18 xxxxxx xxxx3002 TFR,50.00,Untagged,,
Cardcash,2018-04-09,,E FITTON 07APR18 xxxxxx xxxx3002 TFR,8.00,Untagged,,
Cardcash,2018-04-09,,E FITTON 07APR18 xxxxxx xxxx3002 TFR,10.00,Untagged,,
Cardcash,2018-04-09,,BALASAI LTD CD 4581 DEB,-10.99,Untagged,,
Cardcash,2018-05-17,,E FITTON XXXXXX XXXX3002 TFR,50.00,Untagged,,
Cardcash,2018-06-01,,E FITTON XXXXXX XXXX3002 TFR,100.00,Untagged,,
Cardcash,2018-07-10,,E FITTON XXXXXX XXXX3002 TFR,80.00,Untagged,,
Cardcash,2018-07-11,,OAKLANDS COUNTRY S CD 1612 DEB,-25.00,Untagged,,
Cardcash,2018-07-11,,OTTERY ST MARY SER CD 1612 DEB,-2.29,Untagged,,
,2018-04-15,,Oaklands Country S Devon 01395 2 on 13 Apr,-11.22,Untagged,,
,2018-04-15,,Mills Stores Ltd Exeter on 13 Apr,-9.69,Untagged,,
,2018-04-16,,Oaklands Country S Devon 01395 2 on 14 Apr,-10.24,Untagged,,
,2018-04-17,,Balasai Ltd Exeter on 16 Apr,-16.58,Untagged,,
,2018-04-23,,MILLS STORES LTD,-3.73,Untagged,,
,2018-05-01,,BALASAI LTD,-30.99,Untagged,,
,2018-05-05,,MILLS STORES LTD,-5.85,Untagged,,
,2018-05-07,,Mills Stores Ltd Exeter on 05 May,-5.85,Untagged,,
,2018-05-13,,LATE OR FAILURE TO PAY DEFAULT SUM,-12.00,Untagged,,
,2018-05-14,,PAYMENT RECEIVED -- THANK YOU,230.02,Untagged,,
,2018-05-15,,Payment Received -- Thank You,230.02,Untagged,,
,2018-05-22,,MILLS STORES LTD,-9.90,Untagged,,
AquaCard,2018-04-23,,PAYMENT,250.00,Untagged,,
AquaCard,2018-04-24,,COURSRA12Y5QX73HUHSAX xxxxxxx649 CA,-35.19,Untagged,,
AquaCard,2018-05-06,,PAYMENT RECEIVED - THANK YOU,99.64,Untagged,,
AquaCard,2018-05-13,,MILLS STORES LTD EXETER GBR,-4.45,Untagged,,
AquaCard,2018-05-14,,EXXXXXXXXXX0000 DEVON GBR,-10.00,Untagged,,
AquaCard,2018-05-14,,THE MARINE XXXXXXX3145 GBR,-9.45,Untagged,,
AquaCard,2018-05-14,,THE MARINE XXXXXXX3145 GBR,-8.55,Untagged,,
AquaCard,2018-05-14,,THE MARINE XXXXXXX3145 GBR,-8.55,Untagged,,
AquaCard,2018-05-24,,COURSRA12Y5QX73HUHSAX XXXXXX7649 CA,-36.82,Untagged,,
AquaCard,2018-05-31,,PAYMENT,100.00,Untagged,,
AquaCard,2018-06-05,,PAYMENT RECEIVED - THANK YOU,83.51,Untagged,,
AquaCard,2018-07-05,,PAYMENT RECEIVED - THANK YOU,93.29,Untagged,,
Reward Current Account,2017-09-01,,HMRC PAYE BGC,366.20,One-off or Other,One-off or Other Payment,Tax Payment
Reward Current Account,2017-12-21,,GREGGS PLC CD 3529 DEB,-5.00,Enjoyment,Lunch or Snacks,
Reward Current Account,2018-05-08,,SUBWAY CD 3537 DEB,-6.30,Enjoyment,Lunch or Snacks,
Reward Current Account,2018-01-24,,GREGGS PLC CD 3529 DEB,-5.75,Enjoyment,Lunch or Snacks,
Reward Current Account,2018-01-22,,GREGGS PLC CD 3529 DEB,-2.25,Enjoyment,Lunch or Snacks,
Cardcash,2018-04-09,,SUBWAY CD 4581 DEB,-6.30,Enjoyment,Lunch or Snacks,
Cardcash,2017-10-25,,GREGGS PLC CD 4573 DEB,-2.30,Enjoyment,Lunch or Snacks,
Cardcash,2017-09-22,,LNK TESCO SIDWL ST CD 4573 22SEP17 CPT,-30.00,Enjoyment,Cash,
Cardcash,2017-09-29,,LOYD 6 SILVER STRE CD 4573 29SEP17 CPT,-30.00,Enjoyment,Cash,
Cardcash,2017-09-04,,LOYD 8 FORE STREET CD 4573 02SEP17 CPT,-60.00,Enjoyment,Cash,
Cardcash,2017-08-30,,LNK CHARTMAN LTD S CD 4573 30AUG17 CPT,-20.00,Enjoyment,Cash,
Cardcash,2017-08-30,,LNK 352 PINHOE ROA CD 4573 30AUG17 CPT,-20.00,Enjoyment,Cash,
Reward Current Account,2018-06-25,,LOYD 6 SILVER STRE CD 3537 24JUN18 CPT,-100.00,Enjoyment,Cash,
Reward Current Account,2018-06-26,,LOYD 6 SILVER STRE CD 3537 26JUN18 CPT,-20.00,Enjoyment,Cash,
Reward Current Account,2018-06-12,,LNK CHARTMAN LTD S CD 3537 12JUN18 CPT,-100.00,Enjoyment,Cash,
Reward Current Account,2018-06-20,,LNK COOPERATIVE EX CD 3537 20JUN18 CPT,-20.00,Enjoyment,Cash,
Reward Current Account,2018-06-21,,LNK CHARTMAN LTD S CD 3537 21JUN18 CPT,-80.00,Enjoyment,Cash,
Reward Current Account,2018-06-22,,LNK HIND STREET CD 3537 22JUN18 CPT,-20.00,Enjoyment,Cash,
Reward Current Account,2018-06-06,,LNK CHARTMAN LTD S CD 3537 06JUN18 CPT,-120.00,Enjoyment,Cash,
Reward Current Account,2018-05-23,,LNK CHARTMAN LTD S CD 3537 23MAY18 CPT,-200.00,Enjoyment,Cash,
Cardcash,2018-04-04,,LNK CHARTMAN LTD S CD 4581 04APR18 CPT,-20.00,Enjoyment,Cash,
Cardcash,2018-07-10,,LNK CHARTMAN LTD S CD 1612 10JUL18 CPT,-30.00,Enjoyment,Cash,
Cardcash,2018-04-09,,LNK CHARTMAN LTD S CD 4581 07APR18 CPT,-110.00,Enjoyment,Cash,
Cardcash,2018-03-27,,LNK HIND STREET CD 4581 27MAR18 CPT,-120.00,Enjoyment,Cash,
Cardcash,2018-05-22,,LNK CHARTMAN LTD S CD 4581 22MAY18 CPT,-20.00,Enjoyment,Cash,
Cardcash,2018-07-12,,LNK CHARTMAN LTD S CD 1612 12JUL18 CPT,-20.00,Enjoyment,Cash,
Reward Current Account,2018-01-22,,LOYD 6 SILVER STRE CD 3529 22JAN18 CPT,-30.00,Enjoyment,Cash,
Reward Current Account,2018-01-22,,LOYD 6 SILVER STRE CD 3529 22JAN18 CPT,-20.00,Enjoyment,Cash,
Reward Current Account,2018-01-18,,LNK CHARTMAN LTD S CD 3529 18JAN18 CPT,-20.00,Enjoyment,Cash,
Reward Current Account,2018-01-23,,LNK WAITROSE -SIDM CD 3529 23JAN18 CPT,-40.00,Enjoyment,Cash,
Reward Current Account,2018-01-17,,LNK CHARTMAN LTD S CD 3529 17JAN18 CPT,-20.00,Enjoyment,Cash,
Reward Current Account,2018-01-24,,LNK EXETER MAGDALE CD 3529 24JAN18 CPT,-50.00,Enjoyment,Cash,
Reward Current Account,2018-01-29,,LNK COOPERATIVE EX CD 3529 27JAN18 CPT,-20.00,Enjoyment,Cash,
Reward Current Account,2018-01-29,,LNK COOPERATIVE EX CD 3529 29JAN18 CPT,-20.00,Enjoyment,Cash,
Reward Current Account,2018-03-13,,LNK EXETER MAGDALE CD 3537 13MAR18 CPT,-110.00,Enjoyment,Cash,
Reward Current Account,2018-03-12,,LNK CHARTMAN LTD S CD 3537 11MAR18 CPT,-20.00,Enjoyment,Cash,
Reward Current Account,2018-03-12,,LNK CHARTMAN LTD S CD 3537 12MAR18 CPT,-20.00,Enjoyment,Cash,
Reward Current Account,2018-03-12,,LNK COOPERATIVE EX CD 3537 12MAR18 CPT,-120.00,Enjoyment,Cash,
Reward Current Account,2018-03-05,,LNK CLYST ST MARY CD 3529 03MAR18 CPT,-150.00,Enjoyment,Cash,
Reward Current Account,2018-03-05,,LNK SWEB EXETER - CD 3529 05MAR18 CPT,-10.00,Enjoyment,Cash,
Reward Current Account,2018-02-26,,LNK COOPERATIVE EX CD 3529 24FEB18 CPT,-120.00,Enjoyment,Cash,
Reward Current Account,2018-01-31,,LNK CHARTMAN LTD S CD 3529 31JAN18 CPT,-20.00,Enjoyment,Cash,
Reward Current Account,2018-02-23,,LNK CHARTMAN LTD S CD 3529 23FEB18 CPT,-30.00,Enjoyment,Cash,
Reward Current Account,2018-05-08,,LNK CHARTMAN LTD S CD 3537 07MAY18 CPT,-20.00,Enjoyment,Cash,
Reward Current Account,2018-04-24,,LNK CHARTMAN LTD S CD 3537 24APR18 CPT,-40.00,Enjoyment,Cash,
Reward Current Account,2018-04-25,,LNK CHARTMAN LTD S CD 3537 25APR18 CPT,-120.00,Enjoyment,Cash,
Reward Current Account,2018-05-01,,LNK COOPERATIVE EX CD 3537 01MAY18 CPT,-110.00,Enjoyment,Cash,
Reward Current Account,2018-05-21,,LOYD 6 SILVER STRE CD 3537 21MAY18 CPT,-20.00,Enjoyment,Cash,
Reward Current Account,2018-05-14,,LNK CHARTMAN LTD S CD 3537 14MAY18 CPT,-20.00,Enjoyment,Cash,
Reward Current Account,2018-05-18,,LOYD 6 SILVER STRE CD 3537 18MAY18 CPT,-20.00,Enjoyment,Cash,
Reward Current Account,2018-05-18,,LNK HIND STREET CD 3537 18MAY18 CPT,-40.00,Enjoyment,Cash,
Reward Current Account,2018-05-10,,LOYD 6 SILVER STRE CD 3537 10MAY18 CPT,-20.00,Enjoyment,Cash,
Reward Current Account,2018-05-14,,LNK CHARTMAN LTD S CD 3537 13MAY18 CPT,-20.00,Enjoyment,Cash,
Reward Current Account,2018-05-14,,LOYD 6 SILVER STRE CD 3537 12MAY18 CPT,-20.00,Enjoyment,Cash,
Reward Current Account,2018-05-08,,LNK CHARTMAN LTD S CD 3537 08MAY18 CPT,-20.00,Enjoyment,Cash,
Reward Current Account,2018-04-17,,LNK CHARTMAN LTD S CD 3537 17APR18 CPT,-120.00,Enjoyment,Cash,
Reward Current Account,2018-04-12,,LOYD 6 SILVER STRE CD 3537 12APR18 CPT,-120.00,Enjoyment,Cash,
Reward Current Account,2018-04-16,,LNK TESCO CULLOMPT CD 3537 16APR18 CPT,-20.00,Enjoyment,Cash,
Reward Current Account,2018-03-20,,LNK COOPERATIVE EX CD 3537 20MAR18 CPT,-110.00,Enjoyment,Cash,
Reward Current Account,2017-12-21,,LNK CHARTMAN LTD S CD 3529 21DEC17 CPT,-20.00,Enjoyment,Cash,
Reward Current Account,2017-12-28,,LNK CHARTMAN LTD S CD 3529 28DEC17 CPT,-20.00,Enjoyment,Cash,
Reward Current Account,2018-01-16,,LNK SWEB EXETER - CD 3529 16JAN18 CPT,-20.00,Enjoyment,Cash,
Reward Current Account,2018-01-15,,"LNK ALDI TOPSHAM, CD 3529 15JAN18 CPT",-50.00,Enjoyment,Cash,
Reward Current Account,2018-01-11,,LNK CHARTMAN LTD S CD 3529 11JAN18 CPT,-20.00,Enjoyment,Cash,
Reward Current Account,2018-01-12,,LNK CHARTMAN LTD S CD 3529 12JAN18 CPT,-20.00,Enjoyment,Cash,
Reward Current Account,2018-01-09,,LOYD 6 SILVER STRE CD 3529 09JAN18 CPT,-20.00,Enjoyment,Cash,
Reward Current Account,2018-01-08,,LNK CHARTMAN LTD S CD 3529 08JAN18 CPT,-20.00,Enjoyment,Cash,
Reward Current Account,2018-01-03,,LNK CHARTMAN LTD S CD 3529 03JAN18 CPT,-40.00,Enjoyment,Cash,
Reward Current Account,2018-01-05,,LNK CHARTMAN LTD S CD 3529 05JAN18 CPT,-20.00,Enjoyment,Cash,
Reward Current Account,2017-12-15,,LNK CLYST ST MARY CD 3511 15DEC17 CPT,-70.00,Enjoyment,Cash,
Reward Current Account,2017-12-01,,LNK COOPERATIVE EX CD 3511 01DEC17 CPT,-20.00,Enjoyment,Cash,
Reward Current Account,2017-11-17,,LNK CHARTMAN LTD S CD 3511 17NOV17 CPT,-20.00,Enjoyment,Cash,
Reward Current Account,2017-11-13,,LNK EXETER MAGDALE CD 3511 11NOV17 CPT,-10.00,Enjoyment,Cash,
Reward Current Account,2017-09-08,,LOYD 6 SILVER STRE CD 3511 08SEP17 CPT,-20.00,Enjoyment,Cash,
Reward Current Account,2017-09-08,,LNK QUAY SIDE EXET CD 3511 08SEP17 ATM OWNER FEE 1.85 CPT,-41.85,Enjoyment,Cash,
Reward Current Account,2017-09-08,,LNK 12 SIDWELL STR CD 3511 08SEP17 CPT,-30.00,Enjoyment,Cash,
Reward Current Account,2017-08-29,,LNK CHARTMAN LTD S CD 3511 28AUG17 CPT,-20.00,Enjoyment,Cash,
Reward Current Account,2017-08-29,,LNK CHARTMAN LTD S CD 3511 28AUG17 CPT,-20.00,Enjoyment,Cash,
Reward Current Account,2017-08-29,,LNK CHARTMAN LTD S CD 3511 27AUG17 CPT,-20.00,Enjoyment,Cash,
Reward Current Account,2017-08-14,,LNK xxxx0083 RMC S CD 3511 13AUG17 CPT,-20.00,Enjoyment,Cash,
Reward Current Account,2017-08-14,,LNK TESCO EXMOUTH CD 3511 12AUG17 CPT,-20.00,Enjoyment,Cash,
Reward Current Account,2017-08-21,,LNK HIND STREET CD 3511 21AUG17 CPT,-20.00,Enjoyment,Cash,
Reward Current Account,2017-08-21,,LNK COOPERATIVE EX CD 3511 19AUG17 CPT,-20.00,Enjoyment,Cash,
Reward Current Account,2017-08-07,,LNK 404202SIDMOUTH CD 3511 05AUG17 CPT,-20.00,Enjoyment,Cash,
Reward Current Account,2017-11-09,,LNK EXETER MAGDALE CD 3511 09NOV17 CPT,-20.00,Enjoyment,Cash,
Reward Current Account,2017-11-06,,LNK CHARTMAN LTD S CD 3511 06NOV17 CPT,-20.00,Enjoyment,Cash,
Reward Current Account,2017-11-07,,LNK CLYST ST MARY CD 3511 07NOV17 CPT,-30.00,Enjoyment,Cash,
Reward Current Account,2017-10-30,,LNK CHARTMAN LTD S CD 3511 28OCT17 CPT,-60.00,Enjoyment,Cash,
Reward Current Account,2017-10-13,,LOYD 234 HIGH STRE CD 3511 13OCT17 CPT,-40.00,Enjoyment,Cash,
Reward Current Account,2017-10-09,,LOYD 82 HIGH STREE CD 3511 07OCT17 CPT,-80.00,Enjoyment,Cash,
Reward Current Account,2017-10-12,,LNK HIND STREET CD 3511 12OCT17 CPT,-40.00,Enjoyment,Cash,
Reward Current Account,2017-10-02,,LNK TESCO EXMOUTH CD 3511 30SEP17 CPT,-30.00,Enjoyment,Cash,
Reward Current Account,2017-09-20,,LNK TESCO SIDWL ST CD 3511 20SEP17 CPT,-20.00,Enjoyment,Cash,
Reward Current Account,2017-09-18,,LNK TESCO SIDWL ST CD 3511 17SEP17 CPT,-20.00,Enjoyment,Cash,
Reward Current Account,2017-09-18,,LNK BT PHONE SIDWE CD 3511 17SEP17 CPT,-20.00,Enjoyment,Cash,
Reward Current Account,2017-09-15,,LOYD 6 SILVER STRE CD 3511 15SEP17 CPT,-30.00,Enjoyment,Cash,
Reward Current Account,2017-09-11,,LNK WS RETAIL LIMI CD 3511 11SEP17 ATM OWNER FEE 1.75 CPT,-31.75,Enjoyment,Cash,
Reward Current Account,2017-12-20,,MIP*VODAFONE TOPUP CD 3529 DEB,-10.00,Bills,Mobile,
Reward Current Account,2018-03-23,,GIFFGAFF CD 3529 DEB,-7.50,Bills,Mobile,
Reward Current Account,2018-04-25,,GIFFGAFF CD 3537 DEB,-7.50,Bills,Mobile,
Reward Current Account,2018-02-23,,GIFFGAFF CD 3529 DEB,-7.50,Bills,Mobile,
Reward Current Account,2018-01-23,,GIFFGAFF CD 3529 DEB,-7.50,Bills,Mobile,
Reward Current Account,2018-01-19,,VESTA VODAFONE CD 3529 DEB,-10.00,Bills,Mobile,
AquaCard,2018-05-05,,GIFFGAFF www.giffgaff GBR,-7.50,Bills,Mobile,
AquaCard,2018-05-10,,SHELL COUNTES WEAR EXETER 591 GBR,-10.24,Transport,Fuel,
,2018-05-04,,MALTHURST PETROLEU,-9.14,Transport,Fuel,
Cardcash,2018-04-04,,TESCO PAYAT PUMP 3 CD 4581 DEB,-30.00,Transport,Fuel,
Reward Current Account,2018-06-21,,MALTHURST PETROLEU CD 3537 DEB,-30.12,Transport,Fuel,
Reward Current Account,2018-01-22,,TESCO PAY AT PUMP CD 3529 DEB,-5.01,Transport,Fuel,
Reward Current Account,2018-01-24,,SHELL KENNFORD CD 3529 DEB,-17.88,Transport,Fuel,
Reward Current Account,2018-01-19,,TESCO PAYAT PUMP 3 CD 3529 DEB,-30.93,Transport,Fuel,
Reward Current Account,2018-02-14,,TESCO PAYAT PUMP 3 CD 3529 DEB,-14.12,Transport,Fuel,
Reward Current Account,2018-03-08,,TESCO PAYAT PUMP 3 CD 3529 DEB,-30.39,Transport,Fuel,
Reward Current Account,2018-03-13,,TESCO PAYAT PUMP 3 CD 3537 DEB,-44.72,Transport,Fuel,
Reward Current Account,2017-12-27,,TESCO PAYAT PUMP 3 CD 3529 DEB,-10.05,Transport,Fuel,
Reward Current Account,2018-01-02,,TESCO PAYAT PUMP 3 CD 3529 DEB,-5.01,Transport,Fuel,
Reward Current Account,2018-01-05,,TESCO PAYAT PUMP 3 CD 3529 DEB,-32.27,Transport,Fuel,
Reward Current Account,2018-01-15,,TESCO PAYAT PUMP 3 CD 3529 DEB,-15.01,Transport,Fuel,
Reward Current Account,2018-01-16,,TESCO PAYAT PUMP 3 CD 3529 DEB,-30.25,Transport,Fuel,
Reward Current Account,2017-12-18,,TESCO PAYAT PUMP 3 CD 3511 DEB,-20.02,Transport,Fuel,
Reward Current Account,2017-09-21,,SAINSBURYS PETROL CD 3511 DEB,-27.49,Transport,Fuel,
Reward Current Account,2017-11-02,,TESCO PFS 2620 CD 3511 DEB,-1.35,Transport,Fuel,
Reward Current Account,2017-08-29,,SHELL KENNFORD CD 3511 DEB,-20.00,Transport,Fuel,
HOLIDAY,2017-09-25,,INTEREST (GROSS),0.01,One-off or Other,Banking Charges,Interest charges
AquaCard,2018-06-18,,INTEREST,-58.17,One-off or Other,Banking Charges,Interest charges
AquaCard,2018-05-19,,INTEREST,-59.62,One-off or Other,Banking Charges,Interest charges
Reward Current Account,2017-11-01,,MAPLIN TAUNTON TA1 CD 3511 DEB,-28.98,Enjoyment,"Entertainment, TV, Media",Personal Electronics
Reward Current Account,2018-05-21,,CURRYS CD 3537 DEB,-3.99,Enjoyment,"Entertainment, TV, Media",Personal Electronics
Reward Current Account,2018-05-21,,DAILY OD FEE CHG,-0.14,One-off or Other,Banking Charges,Bank charges
Reward Current Account,2018-05-22,,DAILY OD FEE CHG,-0.15,One-off or Other,Banking Charges,Bank charges
Reward Current Account,2018-05-18,,DAILY OD FEE CHG,-0.05,One-off or Other,Banking Charges,Bank charges
Reward Current Account,2018-05-21,,DAILY OD FEE 19/05 CHG,-0.05,One-off or Other,Banking Charges,Bank charges
Reward Current Account,2018-05-08,,DAILY OD FEE CHG,-1.29,One-off or Other,Banking Charges,Bank charges
Reward Current Account,2018-05-09,,DAILY OD FEE CHG,-1.31,One-off or Other,Banking Charges,Bank charges
Reward Current Account,2018-05-08,,DAILY OD FEE 07/05 CHG,-1.01,One-off or Other,Banking Charges,Bank charges
Reward Current Account,2018-05-04,,DAILY OD FEE CHG,-0.98,One-off or Other,Banking Charges,Bank charges
Reward Current Account,2018-05-10,,DAILY OD FEE CHG,-1.34,One-off or Other,Banking Charges,Bank charges
Reward Current Account,2018-05-14,,DAILY OD FEE 12/05 CHG,-1.38,One-off or Other,Banking Charges,Bank charges
Reward Current Account,2018-05-14,,DAILY OD FEE 13/05 CHG,-1.41,One-off or Other,Banking Charges,Bank charges
Reward Current Account,2018-05-11,,DAILY OD FEE CHG,-1.35,One-off or Other,Banking Charges,Bank charges
Reward Current Account,2018-04-25,,DAILY OD FEE CHG,-0.74,One-off or Other,Banking Charges,Bank charges
Reward Current Account,2018-04-27,,DAILY OD FEE CHG,-0.76,One-off or Other,Banking Charges,Bank charges
Reward Current Account,2018-04-30,,DAILY OD FEE 28/04 CHG,-0.77,One-off or Other,Banking Charges,Bank charges
Reward Current Account,2018-04-30,,DAILY OD FEE 29/04 CHG,-0.77,One-off or Other,Banking Charges,Bank charges
Reward Current Account,2018-05-01,,DAILY OD FEE CHG,-0.93,One-off or Other,Banking Charges,Bank charges
Reward Current Account,2018-04-26,,DAILY OD FEE CHG,-0.76,One-off or Other,Banking Charges,Bank charges
Reward Current Account,2018-04-30,,DAILY OD FEE CHG,-0.77,One-off or Other,Banking Charges,Bank charges
Reward Current Account,2018-05-08,,DAILY OD FEE 05/05 CHG,-0.98,One-off or Other,Banking Charges,Bank charges
Reward Current Account,2018-05-08,,DAILY OD FEE 06/05 CHG,-0.98,One-off or Other,Banking Charges,Bank charges
Reward Current Account,2018-05-02,,DAILY OD FEE CHG,-0.94,One-off or Other,Banking Charges,Bank charges
Reward Current Account,2018-05-03,,DAILY OD FEE CHG,-0.94,One-off or Other,Banking Charges,Bank charges
Reward Current Account,2018-04-06,,DAILY OD FEE CHG,-2.03,One-off or Other,Banking Charges,Bank charges
Reward Current Account,2018-04-05,,DAILY OD FEE CHG,-2.03,One-off or Other,Banking Charges,Bank charges
Reward Current Account,2018-04-09,,DAILY OD FEE 08/04 CHG,-2.12,One-off or Other,Banking Charges,Bank charges
Reward Current Account,2018-04-04,,DAILY OD FEE CHG,-1.90,One-off or Other,Banking Charges,Bank charges
Reward Current Account,2018-03-26,,DAILY OD FEE 25/03 CHG,-1.27,One-off or Other,Banking Charges,Bank charges
Reward Current Account,2018-03-26,,DAILY OD FEE 24/03 CHG,-1.26,One-off or Other,Banking Charges,Bank charges
Reward Current Account,2018-04-03,,DAILY OD FEE 30/03 CHG,-1.60,One-off or Other,Banking Charges,Bank charges
Reward Current Account,2018-04-09,,DAILY OD FEE 07/04 CHG,-2.13,One-off or Other,Banking Charges,Bank charges
Reward Current Account,2018-04-24,,DAILY OD FEE CHG,-0.50,One-off or Other,Banking Charges,Bank charges
Reward Current Account,2018-04-23,,DAILY OD FEE CHG,-0.08,One-off or Other,Banking Charges,Bank charges
Reward Current Account,2018-03-20,,DAILY OD FEE CHG,-1.20,One-off or Other,Banking Charges,Bank charges
Reward Current Account,2018-03-23,,DAILY OD FEE CHG,-1.26,One-off or Other,Banking Charges,Bank charges
Reward Current Account,2018-03-22,,DAILY OD FEE CHG,-1.24,One-off or Other,Banking Charges,Bank charges
Reward Current Account,2018-03-21,,DAILY OD FEE CHG,-1.23,One-off or Other,Banking Charges,Bank charges
Reward Current Account,2018-03-27,,DAILY OD FEE CHG,-1.52,One-off or Other,Banking Charges,Bank charges
Reward Current Account,2018-03-26,,DAILY OD FEE CHG,-1.33,One-off or Other,Banking Charges,Bank charges
Reward Current Account,2018-03-28,,DAILY OD FEE CHG,-1.52,One-off or Other,Banking Charges,Bank charges
Reward Current Account,2018-03-29,,DAILY OD FEE CHG,-1.52,One-off or Other,Banking Charges,Bank charges
Reward Current Account,2018-04-03,,DAILY OD FEE 01/04 CHG,-1.68,One-off or Other,Banking Charges,Bank charges
Reward Current Account,2018-04-03,,DAILY OD FEE 31/03 CHG,-1.68,One-off or Other,Banking Charges,Bank charges
Reward Current Account,2018-04-03,,DAILY OD FEE CHG,-1.76,One-off or Other,Banking Charges,Bank charges
Reward Current Account,2018-04-03,,DAILY OD FEE 02/04 CHG,-1.68,One-off or Other,Banking Charges,Bank charges
Reward Current Account,2018-03-12,,DAILY OD FEE 10/03 CHG,-2.09,One-off or Other,Banking Charges,Bank charges
Reward Current Account,2018-03-12,,DAILY OD FEE 11/03 CHG,-2.12,One-off or Other,Banking Charges,Bank charges
Reward Current Account,2018-03-19,,DAILY OD FEE CHG,-0.14,One-off or Other,Banking Charges,Bank charges
Reward Current Account,2018-03-08,,DAILY OD FEE CHG,-2.08,One-off or Other,Banking Charges,Bank charges
Reward Current Account,2018-03-07,,DAILY OD FEE CHG,-1.92,One-off or Other,Banking Charges,Bank charges
Reward Current Account,2018-03-05,,DAILY OD FEE 04/03 CHG,-1.80,One-off or Other,Banking Charges,Bank charges
Reward Current Account,2018-03-09,,DAILY OD FEE CHG,-2.08,One-off or Other,Banking Charges,Bank charges
Reward Current Account,2018-03-06,,DAILY OD FEE CHG,-1.91,One-off or Other,Banking Charges,Bank charges
Reward Current Account,2018-03-05,,DAILY OD FEE 03/03 CHG,-1.79,One-off or Other,Banking Charges,Bank charges
Reward Current Account,2018-03-05,,DAILY OD FEE CHG,-1.89,One-off or Other,Banking Charges,Bank charges
Reward Current Account,2018-02-15,,DAILY OD FEE CHG,-1.13,One-off or Other,Banking Charges,Bank charges
Reward Current Account,2018-02-12,,DAILY OD FEE CHG,-1.05,One-off or Other,Banking Charges,Bank charges
Reward Current Account,2018-02-12,,DAILY OD FEE 10/02 CHG,-1.01,One-off or Other,Banking Charges,Bank charges
Reward Current Account,2018-02-12,,DAILY OD FEE 11/02 CHG,-1.02,One-off or Other,Banking Charges,Bank charges
Reward Current Account,2018-02-13,,DAILY OD FEE CHG,-1.05,One-off or Other,Banking Charges,Bank charges
Reward Current Account,2018-02-14,,DAILY OD FEE CHG,-1.08,One-off or Other,Banking Charges,Bank charges
Reward Current Account,2018-02-19,,DAILY OD FEE 17/02 CHG,-1.14,One-off or Other,Banking Charges,Bank charges
Reward Current Account,2018-02-19,,DAILY OD FEE 18/02 CHG,-1.14,One-off or Other,Banking Charges,Bank charges
Reward Current Account,2018-02-20,,DAILY OD FEE CHG,-1.25,One-off or Other,Banking Charges,Bank charges
Reward Current Account,2018-02-19,,DAILY OD FEE CHG,-1.24,One-off or Other,Banking Charges,Bank charges
Reward Current Account,2018-02-16,,DAILY OD FEE CHG,-1.14,One-off or Other,Banking Charges,Bank charges
Reward Current Account,2018-02-23,,DAILY OD FEE CHG,-1.34,One-off or Other,Banking Charges,Bank charges
Reward Current Account,2018-02-22,,DAILY OD FEE CHG,-1.27,One-off or Other,Banking Charges,Bank charges
Reward Current Account,2018-02-21,,DAILY OD FEE CHG,-1.27,One-off or Other,Banking Charges,Bank charges
Reward Current Account,2018-02-26,,DAILY OD FEE CHG,-1.57,One-off or Other,Banking Charges,Bank charges
Reward Current Account,2018-02-26,,DAILY OD FEE 24/02 CHG,-1.51,One-off or Other,Banking Charges,Bank charges
Reward Current Account,2018-02-26,,DAILY OD FEE 25/02 CHG,-1.51,One-off or Other,Banking Charges,Bank charges
Reward Current Account,2018-02-27,,DAILY OD FEE CHG,-1.57,One-off or Other,Banking Charges,Bank charges
Reward Current Account,2018-02-28,,DAILY OD FEE CHG,-1.57,One-off or Other,Banking Charges,Bank charges
Reward Current Account,2018-03-01,,DAILY OD FEE CHG,-1.58,One-off or Other,Banking Charges,Bank charges
Reward Current Account,2018-03-02,,DAILY OD FEE CHG,-1.58,One-off or Other,Banking Charges,Bank charges
Reward Current Account,2018-01-15,,DAILY OD FEE CHG,-1.51,One-off or Other,Banking Charges,Bank charges
Reward Current Account,2018-01-17,,DAILY OD FEE CHG,-1.78,One-off or Other,Banking Charges,Bank charges
Reward Current Account,2018-01-18,,DAILY OD FEE CHG,-2.05,One-off or Other,Banking Charges,Bank charges
Reward Current Account,2018-01-24,,DAILY OD FEE CHG,-1.56,One-off or Other,Banking Charges,Bank charges
Reward Current Account,2018-01-22,,DAILY OD FEE 21/01 CHG,-2.11,One-off or Other,Banking Charges,Bank charges
Reward Current Account,2018-01-23,,DAILY OD FEE CHG,-1.43,One-off or Other,Banking Charges,Bank charges
Reward Current Account,2018-01-22,,DAILY OD FEE 20/01 CHG,-2.13,One-off or Other,Banking Charges,Bank charges
Reward Current Account,2018-01-19,,DAILY OD FEE CHG,-2.13,One-off or Other,Banking Charges,Bank charges
Reward Current Account,2018-01-22,,DAILY OD FEE CHG,-1.36,One-off or Other,Banking Charges,Bank charges
Reward Current Account,2018-01-29,,DAILY OD FEE 28/01 CHG,-2.00,One-off or Other,Banking Charges,Bank charges
Reward Current Account,2018-01-30,,DAILY OD FEE CHG,-2.07,One-off or Other,Banking Charges,Bank charges
Reward Current Account,2018-01-29,,DAILY OD FEE CHG,-2.06,One-off or Other,Banking Charges,Bank charges
Reward Current Account,2018-01-25,,DAILY OD FEE CHG,-1.73,One-off or Other,Banking Charges,Bank charges
Reward Current Account,2018-01-26,,DAILY OD FEE CHG,-1.96,One-off or Other,Banking Charges,Bank charges
Reward Current Account,2018-02-05,,DAILY OD FEE 04/02 CHG,-2.13,One-off or Other,Banking Charges,Bank charges
Reward Current Account,2018-02-06,,DAILY OD FEE CHG,-0.89,One-off or Other,Banking Charges,Bank charges
Reward Current Account,2018-02-07,,DAILY OD FEE CHG,-1.01,One-off or Other,Banking Charges,Bank charges
Reward Current Account,2018-02-08,,DAILY OD FEE CHG,-1.01,One-off or Other,Banking Charges,Bank charges
Reward Current Account,2018-02-09,,DAILY OD FEE CHG,-1.01,One-off or Other,Banking Charges,Bank charges
Reward Current Account,2018-02-01,,DAILY OD FEE CHG,-2.11,One-off or Other,Banking Charges,Bank charges
Reward Current Account,2018-02-02,,DAILY OD FEE CHG,-2.12,One-off or Other,Banking Charges,Bank charges
Reward Current Account,2018-01-29,,DAILY OD FEE 27/01 CHG,-1.99,One-off or Other,Banking Charges,Bank charges
Reward Current Account,2018-01-31,,DAILY OD FEE CHG,-2.11,One-off or Other,Banking Charges,Bank charges
Reward Current Account,2018-02-05,,DAILY OD FEE CHG,-0.89,One-off or Other,Banking Charges,Bank charges
Reward Current Account,2018-02-05,,DAILY OD FEE 03/02 CHG,-2.13,One-off or Other,Banking Charges,Bank charges
Reward Current Account,2017-11-01,,PLANNED O/D FEE CHG,-31.00,One-off or Other,Banking Charges,Bank charges
Reward Current Account,2017-11-03,,DAILY OD FEE CHG,-1.86,One-off or Other,Banking Charges,Bank charges
Reward Current Account,2017-11-06,,DAILY OD FEE CHG,-2.02,One-off or Other,Banking Charges,Bank charges
Reward Current Account,2017-11-06,,DAILY OD FEE 05/11 CHG,-1.87,One-off or Other,Banking Charges,Bank charges
Reward Current Account,2017-11-06,,DAILY OD FEE 04/11 CHG,-1.87,One-off or Other,Banking Charges,Bank charges
Reward Current Account,2017-11-02,,DAILY OD FEE CHG,-1.86,One-off or Other,Banking Charges,Bank charges
Reward Current Account,2017-11-07,,DAILY OD FEE CHG,-2.12,One-off or Other,Banking Charges,Bank charges
Reward Current Account,2017-11-09,,DAILY OD FEE CHG,-2.01,One-off or Other,Banking Charges,Bank charges
Reward Current Account,2017-11-08,,DAILY OD FEE CHG,-2.12,One-off or Other,Banking Charges,Bank charges
Reward Current Account,2017-10-02,,PLANNED O/D FEE CHG,-31.00,One-off or Other,Banking Charges,Bank charges
Reward Current Account,2017-05-02,,PLANNED O/D FEE CHG,-33.00,One-off or Other,Banking Charges,Bank charges
Reward Current Account,2017-06-01,,PLANNED O/D FEE CHG,-29.00,One-off or Other,Banking Charges,Bank charges
Reward Current Account,2017-07-03,,PLANNED O/D FEE CHG,-30.00,One-off or Other,Banking Charges,Bank charges
Reward Current Account,2017-08-01,,PLANNED O/D FEE CHG,-29.00,One-off or Other,Banking Charges,Bank charges
Reward Current Account,2017-08-01,,UNPLANNED O/D FEES CHG,-15.00,One-off or Other,Banking Charges,Bank charges
Reward Current Account,2017-09-01,,PLANNED O/D FEE CHG,-29.00,One-off or Other,Banking Charges,Bank charges
Reward Current Account,2017-12-18,,DAILY OD FEE 17/12 CHG,-1.92,One-off or Other,Banking Charges,Bank charges
Reward Current Account,2017-12-18,,DAILY OD FEE 16/12 CHG,-1.91,One-off or Other,Banking Charges,Bank charges
Reward Current Account,2017-12-19,,DAILY OD FEE CHG,-1.70,One-off or Other,Banking Charges,Bank charges
Reward Current Account,2017-12-20,,DAILY OD FEE CHG,-2.04,One-off or Other,Banking Charges,Bank charges
Reward Current Account,2017-12-06,,DAILY OD FEE CHG,-2.13,One-off or Other,Banking Charges,Bank charges
Reward Current Account,2017-12-05,,DAILY OD FEE CHG,-2.09,One-off or Other,Banking Charges,Bank charges
Reward Current Account,2017-12-04,,DAILY OD FEE CHG,-2.09,One-off or Other,Banking Charges,Bank charges
Reward Current Account,2017-12-04,,DAILY OD FEE 03/12 CHG,-2.08,One-off or Other,Banking Charges,Bank charges
Reward Current Account,2017-12-04,,DAILY OD FEE 02/12 CHG,-2.14,One-off or Other,Banking Charges,Bank charges
Reward Current Account,2017-12-07,,DAILY OD FEE CHG,-2.14,One-off or Other,Banking Charges,Bank charges
Reward Current Account,2017-12-08,,DAILY OD FEE CHG,-2.14,One-off or Other,Banking Charges,Bank charges
Reward Current Account,2017-12-11,,DAILY OD FEE CHG,-2.14,One-off or Other,Banking Charges,Bank charges
Reward Current Account,2017-12-11,,DAILY OD FEE 09/12 CHG,-2.14,One-off or Other,Banking Charges,Bank charges
Reward Current Account,2017-12-11,,DAILY OD FEE 10/12 CHG,-2.14,One-off or Other,Banking Charges,Bank charges
Reward Current Account,2017-12-12,,DAILY OD FEE CHG,-2.14,One-off or Other,Banking Charges,Bank charges
Reward Current Account,2017-12-13,,DAILY OD FEE CHG,-2.14,One-off or Other,Banking Charges,Bank charges
Reward Current Account,2017-12-14,,DAILY OD FEE CHG,-2.14,One-off or Other,Banking Charges,Bank charges
Reward Current Account,2017-12-15,,DAILY OD FEE CHG,-1.91,One-off or Other,Banking Charges,Bank charges
Reward Current Account,2017-11-13,,DAILY OD FEE 12/11 CHG,-2.04,One-off or Other,Banking Charges,Bank charges
Reward Current Account,2017-11-15,,DAILY OD FEE CHG,-2.13,One-off or Other,Banking Charges,Bank charges
Reward Current Account,2017-11-13,,DAILY OD FEE 11/11 CHG,-2.04,One-off or Other,Banking Charges,Bank charges
Reward Current Account,2017-11-14,,DAILY OD FEE CHG,-2.12,One-off or Other,Banking Charges,Bank charges
Reward Current Account,2017-11-13,,DAILY OD FEE CHG,-2.10,One-off or Other,Banking Charges,Bank charges
Reward Current Account,2017-11-10,,DAILY OD FEE CHG,-2.02,One-off or Other,Banking Charges,Bank charges
Reward Current Account,2017-11-20,,DAILY OD FEE CHG,-2.05,One-off or Other,Banking Charges,Bank charges
Reward Current Account,2017-11-20,,DAILY OD FEE 18/11 CHG,-2.04,One-off or Other,Banking Charges,Bank charges
Reward Current Account,2017-11-20,,DAILY OD FEE 19/11 CHG,-2.05,One-off or Other,Banking Charges,Bank charges
Reward Current Account,2017-11-21,,DAILY OD FEE CHG,-2.05,One-off or Other,Banking Charges,Bank charges
Reward Current Account,2017-11-22,,DAILY OD FEE CHG,-2.05,One-off or Other,Banking Charges,Bank charges
Reward Current Account,2017-11-23,,DAILY OD FEE CHG,-2.06,One-off or Other,Banking Charges,Bank charges
Reward Current Account,2017-11-24,,DAILY OD FEE CHG,-2.06,One-off or Other,Banking Charges,Bank charges
Reward Current Account,2017-11-27,,DAILY OD FEE CHG,-2.07,One-off or Other,Banking Charges,Bank charges
Reward Current Account,2017-11-27,,DAILY OD FEE 25/11 CHG,-2.06,One-off or Other,Banking Charges,Bank charges
Reward Current Account,2017-11-27,,DAILY OD FEE 26/11 CHG,-2.07,One-off or Other,Banking Charges,Bank charges
Reward Current Account,2017-11-28,,DAILY OD FEE CHG,-2.07,One-off or Other,Banking Charges,Bank charges
Reward Current Account,2017-11-29,,DAILY OD FEE CHG,-2.07,One-off or Other,Banking Charges,Bank charges
Reward Current Account,2017-11-30,,DAILY OD FEE CHG,-2.09,One-off or Other,Banking Charges,Bank charges
Reward Current Account,2017-12-01,,PLANNED O/D FEE CHG,-30.00,One-off or Other,Banking Charges,Bank charges
Reward Current Account,2017-11-17,,DAILY OD FEE CHG,-2.04,One-off or Other,Banking Charges,Bank charges
Reward Current Account,2017-11-16,,DAILY OD FEE CHG,-2.01,One-off or Other,Banking Charges,Bank charges
Reward Current Account,2018-01-16,,DAILY OD FEE CHG,-1.61,One-off or Other,Banking Charges,Bank charges
Reward Current Account,2018-01-15,,DAILY OD FEE 14/01 CHG,-2.11,One-off or Other,Banking Charges,Bank charges
Reward Current Account,2018-01-15,,DAILY OD FEE 13/01 CHG,-2.11,One-off or Other,Banking Charges,Bank charges
Reward Current Account,2018-01-12,,DAILY OD FEE CHG,-2.11,One-off or Other,Banking Charges,Bank charges
Reward Current Account,2018-01-04,,DAILY OD FEE CHG,-1.93,One-off or Other,Banking Charges,Bank charges
Reward Current Account,2018-01-08,,DAILY OD FEE 07/01 CHG,-2.11,One-off or Other,Banking Charges,Bank charges
Reward Current Account,2018-01-08,,DAILY OD FEE 06/01 CHG,-2.11,One-off or Other,Banking Charges,Bank charges
Reward Current Account,2018-01-08,,DAILY OD FEE CHG,-1.94,One-off or Other,Banking Charges,Bank charges
Reward Current Account,2018-01-09,,DAILY OD FEE CHG,-2.03,One-off or Other,Banking Charges,Bank charges
Reward Current Account,2018-01-10,,DAILY OD FEE CHG,-2.03,One-off or Other,Banking Charges,Bank charges
Reward Current Account,2018-01-11,,DAILY OD FEE CHG,-2.08,One-off or Other,Banking Charges,Bank charges
Reward Current Account,2018-01-05,,DAILY OD FEE CHG,-2.10,One-off or Other,Banking Charges,Bank charges
Reward Current Account,2018-01-02,,DAILY OD FEE 31/12 CHG,-2.13,One-off or Other,Banking Charges,Bank charges
Reward Current Account,2018-01-02,,DAILY OD FEE 30/12 CHG,-2.13,One-off or Other,Banking Charges,Bank charges
Reward Current Account,2018-01-02,,DAILY OD FEE 01/01 CHG,-2.14,One-off or Other,Banking Charges,Bank charges
Reward Current Account,2018-01-03,,DAILY OD FEE CHG,-1.77,One-off or Other,Banking Charges,Bank charges
Reward Current Account,2017-12-28,,DAILY OD FEE CHG,-2.10,One-off or Other,Banking Charges,Bank charges
Reward Current Account,2017-12-29,,DAILY OD FEE CHG,-2.13,One-off or Other,Banking Charges,Bank charges
Reward Current Account,2018-01-02,,DAILY OD FEE CHG,-1.71,One-off or Other,Banking Charges,Bank charges
Reward Current Account,2017-12-27,,DAILY OD FEE CHG,-2.02,One-off or Other,Banking Charges,Bank charges
Reward Current Account,2017-12-27,,DAILY OD FEE 23/12 CHG,-2.12,One-off or Other,Banking Charges,Bank charges
Reward Current Account,2017-12-27,,DAILY OD FEE 26/12 CHG,-2.05,One-off or Other,Banking Charges,Bank charges
Reward Current Account,2017-12-27,,DAILY OD FEE 24/12 CHG,-2.05,One-off or Other,Banking Charges,Bank charges
Reward Current Account,2017-12-27,,DAILY OD FEE 25/12 CHG,-2.05,One-off or Other,Banking Charges,Bank charges
Reward Current Account,2017-12-01,,DAILY OD FEE CHG,-2.14,One-off or Other,Banking Charges,Bank charges
Reward Current Account,2017-12-18,,DAILY OD FEE CHG,-1.69,One-off or Other,Banking Charges,Bank charges
Reward Current Account,2017-12-22,,DAILY OD FEE CHG,-2.11,One-off or Other,Banking Charges,Bank charges
Reward Current Account,2017-12-21,,DAILY OD FEE CHG,-2.10,One-off or Other,Banking Charges,Bank charges
Reward Current Account,2018-06-22,,DAILY OD FEE CHG,-0.11,One-off or Other,Banking Charges,Bank charges
Reward Current Account,2018-06-21,,DAILY OD FEE CHG,-0.06,One-off or Other,Banking Charges,Bank charges
Reward Current Account,2018-06-25,,DAILY OD FEE CHG,-0.30,One-off or Other,Banking Charges,Bank charges
Reward Current Account,2018-06-25,,DAILY OD FEE 24/06 CHG,-0.26,One-off or Other,Banking Charges,Bank charges
Reward Current Account,2018-06-25,,DAILY OD FEE 23/06 CHG,-0.11,One-off or Other,Banking Charges,Bank charges
Reward Current Account,2018-06-26,,DAILY OD FEE CHG,-0.42,One-off or Other,Banking Charges,Bank charges
Reward Current Account,2018-06-27,,DAILY OD FEE CHG,-0.45,One-off or Other,Banking Charges,Bank charges
Reward Current Account,2018-06-28,,DAILY OD FEE CHG,-0.46,One-off or Other,Banking Charges,Bank charges
Reward Current Account,2018-06-29,,DAILY OD FEE CHG,-0.46,One-off or Other,Banking Charges,Bank charges
Reward Current Account,2018-07-02,,DAILY OD FEE 30/06 CHG,-0.53,One-off or Other,Banking Charges,Bank charges
Reward Current Account,2018-06-07,,DAILY OD FEE CHG,-1.10,One-off or Other,Banking Charges,Bank charges
Reward Current Account,2018-06-06,,DAILY OD FEE CHG,-1.07,One-off or Other,Banking Charges,Bank charges
Reward Current Account,2018-06-11,,DAILY OD FEE 09/06 CHG,-1.10,One-off or Other,Banking Charges,Bank charges
Reward Current Account,2018-06-11,,DAILY OD FEE 10/06 CHG,-1.11,One-off or Other,Banking Charges,Bank charges
Reward Current Account,2018-06-08,,DAILY OD FEE CHG,-1.10,One-off or Other,Banking Charges,Bank charges
Reward Current Account,2018-06-04,,DAILY OD FEE CHG,-0.76,One-off or Other,Banking Charges,Bank charges
Reward Current Account,2018-06-05,,DAILY OD FEE CHG,-0.76,One-off or Other,Banking Charges,Bank charges
Reward Current Account,2018-06-01,,DAILY OD FEE CHG,-0.70,One-off or Other,Banking Charges,Bank charges
Reward Current Account,2018-06-04,,DAILY OD FEE 03/06 CHG,-0.70,One-off or Other,Banking Charges,Bank charges
Reward Current Account,2018-06-04,,DAILY OD FEE 02/06 CHG,-0.70,One-off or Other,Banking Charges,Bank charges
Reward Current Account,2018-05-24,,DAILY OD FEE CHG,-0.50,One-off or Other,Banking Charges,Bank charges
Reward Current Account,2018-05-25,,DAILY OD FEE CHG,-0.50,One-off or Other,Banking Charges,Bank charges
Reward Current Account,2018-05-29,,DAILY OD FEE 26/05 CHG,-0.50,One-off or Other,Banking Charges,Bank charges
Reward Current Account,2018-05-29,,DAILY OD FEE 28/05 CHG,-0.50,One-off or Other,Banking Charges,Bank charges
Reward Current Account,2018-05-29,,DAILY OD FEE 27/05 CHG,-0.50,One-off or Other,Banking Charges,Bank charges
Reward Current Account,2018-05-21,,DAILY OD FEE 20/05 CHG,-0.05,One-off or Other,Banking Charges,Bank charges
Reward Current Account,2018-05-23,,DAILY OD FEE CHG,-0.44,One-off or Other,Banking Charges,Bank charges
Reward Current Account,2018-05-29,,DAILY OD FEE CHG,-0.55,One-off or Other,Banking Charges,Bank charges
Reward Current Account,2018-05-30,,DAILY OD FEE CHG,-0.55,One-off or Other,Banking Charges,Bank charges
Reward Current Account,2018-05-31,,DAILY OD FEE CHG,-0.56,One-off or Other,Banking Charges,Bank charges
Cardcash,2017-07-03,,RETURNED D/D CHG,-10.00,One-off or Other,Banking Charges,Bank charges
Cardcash,2017-06-01,,RETURNED D/D CHG,-10.00,One-off or Other,Banking Charges,Bank charges
Reward Current Account,2018-07-09,,DAILY OD FEE 07/07 CHG,-0.91,One-off or Other,Banking Charges,Bank charges
Reward Current Account,2018-07-09,,DAILY OD FEE 08/07 CHG,-0.92,One-off or Other,Banking Charges,Bank charges
Cardcash,2017-05-02,,RETURNED D/D CHG,-10.00,One-off or Other,Banking Charges,Bank charges
Reward Current Account,2018-07-02,,DAILY OD FEE CHG,-0.70,One-off or Other,Banking Charges,Bank charges
Reward Current Account,2018-07-03,,DAILY OD FEE CHG,-0.70,One-off or Other,Banking Charges,Bank charges
Reward Current Account,2018-07-04,,DAILY OD FEE CHG,-0.71,One-off or Other,Banking Charges,Bank charges
Reward Current Account,2018-07-05,,DAILY OD FEE CHG,-0.71,One-off or Other,Banking Charges,Bank charges
Reward Current Account,2018-07-02,,DAILY OD FEE 01/07 CHG,-0.53,One-off or Other,Banking Charges,Bank charges
Reward Current Account,2018-07-06,,DAILY OD FEE CHG,-0.91,One-off or Other,Banking Charges,Bank charges
Reward Current Account,2018-02-20,,STEAMGAMES.COM 425 CD 3529 DEB,-7.99,Enjoyment,"Entertainment, TV, Media",Games and gaming
Reward Current Account,2018-05-08,,BODRUM KEBAB HOUSE CD 3537 DEB,-11.00,Enjoyment,Dining or Going Out,Take-away
Cardcash,2018-04-03,,Just Eat CD 4581 DEB,-32.20,Enjoyment,Dining or Going Out,Take-away
Reward Current Account,2018-03-20,,Exeter City Counci CD 3537 DEB,-2.20,Bills,Council Tax,
Reward Current Account,2018-06-18,,"BOOTS,EXMOUTH CD 3537 DEB",-0.99,Appearance,,
Cardcash,2017-08-01,,O/DRAFT INTEREST CHG,-0.02,One-off or Other,Banking Charges,
AquaCard,2018-05-27,,OVERLIMIT FEE,-12.00,One-off or Other,Banking Charges,
AquaCard,2018-05-14,,CASH ADVANCE FEE,-3.00,One-off or Other,Banking Charges,
,2018-05-08,,OVERLIMIT DEFAULT SUM,-12.00,One-off or Other,Banking Charges,
AquaCard,2018-05-14,,CASH ADVANCE FEE,-3.00,One-off or Other,Banking Charges,
Reward Current Account,2018-05-08,,SPORTSDIRECT 185 CD 3537 DEB,-23.05,Appearance,Clothes - Everyday or Work,
Reward Current Account,2018-02-15,,SPORTSDIRECT.COM CD 3529 DEB,-26.99,Appearance,Clothes - Everyday or Work,
Reward Current Account,2018-02-12,,AQUA MASTERCARD MO CD 3529 DEB,-5.65,Repayments,Credit Card,
Reward Current Account,2018-03-08,,AQUA CREDIT CARD xxxxxxxxxxxxx679 DD,-66.71,Repayments,Credit Card,
Reward Current Account,2018-03-19,,AQUA MASTERCARD EC CD 3537 DEB,-120.00,Repayments,Credit Card,
Reward Current Account,2018-02-07,,AQUA CREDIT CARD xxxxxxxxxxxxx679 DD,-45.98,Repayments,Credit Card,
Reward Current Account,2018-05-08,,AQUA CREDIT CARD xxxxxxxxxxxxx679 DD,-99.64,Repayments,Credit Card,
Reward Current Account,2018-05-15,,CAPITAL ONE EUROPE CD 3537 DEB,-230.02,Repayments,Credit Card,
Reward Current Account,2018-04-05,,AQUA CREDIT CARD xxxxxxxxxxxxx679 DD,-81.64,Repayments,Credit Card,
Reward Current Account,2018-01-05,,AQUA CREDIT CARD xxxxxxxxxxxxx679 DD,-55.04,Repayments,Credit Card,
Reward Current Account,2018-01-04,,AQUA MASTERCARD MO CD 3529 DEB,-100.00,Repayments,Credit Card,
Reward Current Account,2017-12-06,,AQUA CREDIT CARD xxxxxxxxxxxxx679 DD,-26.23,Repayments,Credit Card,
Reward Current Account,2017-09-05,,AQUA MASTERCARD EC CD 3511 DEB,-100.00,Repayments,Credit Card,
Reward Current Account,2017-08-07,,AQUA MASTERCARD EC CD 3511 DEB,-7.85,Repayments,Credit Card,
Reward Current Account,2017-07-05,,AQUA MASTERCARD EC CD 3511 DEB,-30.00,Repayments,Credit Card,
Reward Current Account,2017-06-12,,AQUA MASTERCARD EC CD 3511 DEB,-26.00,Repayments,Credit Card,
Reward Current Account,2017-06-12,,AQUA MASTERCARD EC CD 3511 DEB,-5.00,Repayments,Credit Card,
Reward Current Account,2017-10-09,,AQUA MASTERCARD EC CD 3511 DEB,-70.00,Repayments,Credit Card,
Reward Current Account,2017-11-06,,AQUA CREDIT CARD xxxxxxxxxxxxx679 DD,-23.49,Repayments,Credit Card,
Reward Current Account,2017-10-13,,AQUA MASTERCARD EC CD 3511 DEB,-195.00,Repayments,Credit Card,
Cardcash,2018-04-25,,AQUA MASTERCARD EC CD 4581 DEB,-250.00,Repayments,Credit Card,
Cardcash,2018-06-04,,AQUA MASTERCARD EC CD 4581 DEB,-100.00,Repayments,Credit Card,
Cardcash,2017-08-30,,AQUA MASTERCARD EC CD 4573 DEB,-20.00,Repayments,Credit Card,
Reward Current Account,2018-07-06,,AQUA CREDIT CARD XXXXXXXXXXXX6679 DD,-93.29,Repayments,Credit Card,
Reward Current Account,2018-06-06,,AQUA CREDIT CARD XXXXXXXXXXXX6679 DD,-83.51,Repayments,Credit Card,
Cardcash,2018-04-03,,J D WETHERSPOON PL CD 4581 DEB,-6.45,Enjoyment,Dining or Going Out,
Cardcash,2018-04-03,,CHEVALIER INN CD 4581 DEB,-6.39,Enjoyment,Dining or Going Out,
Cardcash,2018-04-03,,CHEVALIER INN CD 4581 DEB,-12.89,Enjoyment,Dining or Going Out,
Cardcash,2018-04-03,,CHEVALIER INN CD 4581 DEB,-2.65,Enjoyment,Dining or Going Out,
Cardcash,2018-04-03,,J D WETHERSPOON PL CD 4581 DEB,-14.05,Enjoyment,Dining or Going Out,
Reward Current Account,2018-04-20,,J D WETHERSPOON PL CD 3537 DEB,-7.85,Enjoyment,Dining or Going Out,
Reward Current Account,2018-05-22,,STAR INN CD 3537 DEB,-1.49,Enjoyment,Dining or Going Out,
Reward Current Account,2018-05-22,,STAR INN CD 3537 DEB,-7.84,Enjoyment,Dining or Going Out,
Reward Current Account,2018-05-04,,CHEVALIER INN CD 3537 DEB,-8.95,Enjoyment,Dining or Going Out,
Reward Current Account,2018-05-21,,PAYPAL *DERICKLIMI CD 3537 DEB,-5.49,Enjoyment,,
Reward Current Account,2018-04-05,,PAYPAL *GBTEKLIMIT CD 3537 DEB,-3.75,Enjoyment,,
Reward Current Account,2018-03-20,,PAYPAL *TORECYCLEL CD 3537 DEB,-209.95,Enjoyment,,
Reward Current Account,2018-03-20,,PAYPAL *BARUCH CD 3537 DEB,-198.99,Enjoyment,,
Reward Current Account,2018-03-20,,PAYPAL *LONDONLEAT CD 3537 DEB,-3.91,Enjoyment,,
Reward Current Account,2018-01-17,,PAYPAL *LAPTOPOUTL CD 3529 DEB,-68.98,Enjoyment,,
Reward Current Account,2018-01-17,,PAYPAL *SHENZHENSH CD 3529 DEB,-3.37,Enjoyment,,
Reward Current Account,2018-01-17,,PAYPAL *NEILHWW CD 3529 DEB,-14.95,Enjoyment,,
Reward Current Account,2018-01-17,,PAYPAL *LIAOCHAO CD 3529 DEB,-8.99,Enjoyment,,
Reward Current Account,2018-01-18,,PAYPAL *ANZHOU GAO CD 3529 DEB,-27.86,Enjoyment,,
Reward Current Account,2018-03-20,,PAYPAL *GUANGZHOUX CD 3537 DEB,-129.99,Enjoyment,,
Reward Current Account,2018-02-26,,AMAZON SVCS EU-UK CD 3529 DEB,-16.99,Enjoyment,,
Reward Current Account,2017-09-26,,PAYPAL *LONGYANDEB CD 3511 DEB,12.69,Enjoyment,,
Reward Current Account,2017-09-28,,PAYPAL *FOIINDUSTR CD 3511 DEB,-27.96,Enjoyment,,
Reward Current Account,2017-09-11,,PAYPAL *CHEMICALSU CD 3511 DEB,-5.99,Enjoyment,,
Reward Current Account,2017-09-13,,PAYPAL *PAYPAL CD 3511 DEB,-32.50,Enjoyment,,
Reward Current Account,2017-09-06,,PAYPAL *VALERIENIG CD 3511 DEB,-5.50,Enjoyment,,
Reward Current Account,2017-09-08,,PAYPAL *OU HUIHUI CD 3511 DEB,-22.99,Enjoyment,,
Reward Current Account,2017-08-31,,Amazon UK Marketpl CD 3511 DEB,-25.95,Enjoyment,,
Reward Current Account,2017-08-31,,PAYPAL *SPARES2GO CD 3511 DEB,-12.49,Enjoyment,,
Reward Current Account,2017-08-30,,PAYPAL *LONGYANDEB CD 3511 DEB,-12.69,Enjoyment,,
Reward Current Account,2017-12-20,,PAYPAL *CREATIVESA CD 3529 DEB,-229.99,Enjoyment,,
Cardcash,2018-03-19,,PAYPAL *HONGKONGFE CD 4581 DEB,-4.77,Enjoyment,,
Cardcash,2018-03-16,,PAYPAL *DSDTRADELT CD 4581 DEB,-10.95,Enjoyment,,
Cardcash,2018-03-16,,PAYPAL *ONE2ONESPO CD 4581 DEB,-10.99,Enjoyment,,
Cardcash,2018-03-16,,PAYPAL *OXFORDHOME CD 4581 DEB,-20.99,Enjoyment,,
Cardcash,2018-03-16,,PAYPAL *PETATECH H CD 4581 DEB,-11.99,Enjoyment,,
Cardcash,2018-03-19,,PAYPAL *PALLADIUM CD 4581 DEB,-8.49,Enjoyment,,
Cardcash,2018-03-19,,PAYPAL *BIGCLOTHIN CD 4581 DEB,-23.74,Enjoyment,,
Cardcash,2018-03-19,,PAYPAL *ECKSBIZ CD 4581 DEB,-11.95,Enjoyment,,
Cardcash,2018-07-12,,PAYPAL *YAY DOT CO CD 1612 DEB,-3.59,Enjoyment,,
Reward Current Account,2018-06-18,,PAYPAL *AFIF UK LT CD 3537 DEB,-9.99,Enjoyment,,
Reward Current Account,2018-06-18,,PAYPAL *KK PRODUCT CD 3537 DEB,-8.50,Enjoyment,,
Reward Current Account,2018-06-18,,PAYPAL *LU XIAOLE CD 3537 DEB,-8.84,Enjoyment,,
Reward Current Account,2018-06-18,,PAYPAL *PROPERMAC CD 3537 DEB,-1.99,Enjoyment,,
Reward Current Account,2018-06-18,,PAYPAL *ROBVAL2002 CD 3537 DEB,-10.00,Enjoyment,,
Reward Current Account,2018-06-18,,PAYPAL *ISHOP247 CD 3537 DEB,-10.97,Enjoyment,,
Reward Current Account,2018-06-18,,PAYPAL *GUITAR AXE CD 3537 DEB,-3.39,Enjoyment,,
Reward Current Account,2018-06-18,,PAYPAL *BLUESTAR U CD 3537 DEB,-8.29,Enjoyment,,
Reward Current Account,2018-06-25,,PAYPAL *ANM LIMITE CD 3537 DEB,-2.00,Enjoyment,,
Reward Current Account,2018-06-26,,PAYPAL *WAN WENJUA CD 3537 DEB,-57.99,Enjoyment,,
Cardcash,2017-05-02,,REVOLUT*5154* CD 4565 DEB,-40.00,Enjoyment,,
Cardcash,2017-05-03,,REVOLUT*5154* CD 4565 DEB,-20.00,Enjoyment,,
Cardcash,2017-05-04,,REVOLUT*5154* CD 4565 DEB,-100.00,Enjoyment,,
Cardcash,2017-05-04,,REVOLUT*5154* CD 4565 DEB,-100.00,Enjoyment,,
Cardcash,2017-05-04,,REVOLUT*5154* CD 4565 DEB,-20.00,Enjoyment,,
Cardcash,2017-05-04,,REVOLUT*5154* CD 4565 DEB,-80.00,Enjoyment,,
Cardcash,2017-05-08,,REVOLUT*5154* CD 4565 DEB,-35.00,Enjoyment,,
Cardcash,2017-09-04,,LIDL UK CD 4573 DEB,-25.79,Home,"Food, Groceries, Household",
Cardcash,2017-09-04,,LIDL UK CD 4573 DEB,-16.89,Home,"Food, Groceries, Household",
Cardcash,2017-09-25,,LIDL UK CD 4573 DEB,-14.68,Home,"Food, Groceries, Household",
Cardcash,2017-09-26,,TESCO STORES 2486 CD 4573 DEB,-2.20,Home,"Food, Groceries, Household",
Cardcash,2017-09-13,,LIDL UK CD 4573 DEB,-9.20,Home,"Food, Groceries, Household",
Cardcash,2017-10-16,,SPAR SIDFORD CD 4573 DEB,-22.75,Home,"Food, Groceries, Household",
Reward Current Account,2018-06-25,,MARTIN MCCOLL CD 3537 DEB,-6.79,Home,"Food, Groceries, Household",
Reward Current Account,2018-06-25,,MARTIN MCCOLL CD 3537 DEB,-14.09,Home,"Food, Groceries, Household",
Reward Current Account,2018-06-25,,CO-OP GROUP XX0050 CD 3537 DEB,-4.44,Home,"Food, Groceries, Household",
Reward Current Account,2018-06-26,,CO-OP GROUP XX0050 CD 3537 DEB,-1.15,Home,"Food, Groceries, Household",
Reward Current Account,2018-06-28,,ALDI XX 780 CD 3537 DEB,-4.72,Home,"Food, Groceries, Household",
Reward Current Account,2018-06-27,,MARTIN MCCOLL CD 3537 DEB,-3.98,Home,"Food, Groceries, Household",
Reward Current Account,2018-06-27,,MARTIN MCCOLL CD 3537 DEB,-15.28,Home,"Food, Groceries, Household",
Reward Current Account,2018-06-21,,ALDI XX 780 CD 3537 DEB,-9.19,Home,"Food, Groceries, Household",
Reward Current Account,2018-06-22,,MARTIN MCCOLL CD 3537 DEB,-6.99,Home,"Food, Groceries, Household",
Reward Current Account,2018-06-18,,CO-OP GROUP XX0535 CD 3537 DEB,-11.65,Home,"Food, Groceries, Household",
Reward Current Account,2018-06-13,,SAINSBURYS S/MKTS CD 3537 DEB,-14.01,Home,"Food, Groceries, Household",
Reward Current Account,2018-06-14,,ALDI XX 780 CD 3537 DEB,-9.55,Home,"Food, Groceries, Household",
Reward Current Account,2018-06-08,,CO-OP GROUP XX0050 CD 3537 DEB,-1.49,Home,"Food, Groceries, Household",
Reward Current Account,2018-06-06,,ALDI XX 780 CD 3537 DEB,-8.74,Home,"Food, Groceries, Household",
Reward Current Account,2018-06-04,,ALDI XX 780 CD 3537 DEB,-41.49,Home,"Food, Groceries, Household",
Reward Current Account,2018-05-29,,CO-OP GROUP XX0050 CD 3537 DEB,-31.04,Home,"Food, Groceries, Household",
,2018-04-16,,Co-Op Group 160050 Topsham on 14 Apr,-1.37,Home,"Food, Groceries, Household",
Cardcash,2018-05-18,,ALDI XX 780 CD 4581 DEB,-13.47,Home,"Food, Groceries, Household",
Cardcash,2018-04-04,,TESCO STORES 2487 CD 4581 DEB,-8.73,Home,"Food, Groceries, Household",
Cardcash,2018-04-09,,ALDI 49 780 CD 4581 DEB,-11.67,Home,"Food, Groceries, Household",
Cardcash,2018-04-06,,ALDI 49 780 CD 4581 DEB,-7.72,Home,"Food, Groceries, Household",
Cardcash,2018-04-03,,SPAR MAGDALEN CD 4581 DEB,-18.00,Home,"Food, Groceries, Household",
Cardcash,2018-03-16,,WM MORRISON PLC CD 4581 DEB,-8.00,Home,"Food, Groceries, Household",
Cardcash,2018-03-27,,TESCO STORE 2487 CD 4581 DEB,-21.73,Home,"Food, Groceries, Household",
Cardcash,2018-04-03,,SPAR MAGDALEN CD 4581 DEB,-5.00,Home,"Food, Groceries, Household",
Cardcash,2018-03-29,,CO-OP GROUP 160050 CD 4581 DEB,-4.74,Home,"Food, Groceries, Household",
AquaCard,2018-05-11,,MARTIN MCCOLL DEVON GBR,-3.41,Home,"Food, Groceries, Household",
AquaCard,2018-05-05,,LIDL UK HONITON GBR,-9.68,Home,"Food, Groceries, Household",
AquaCard,2018-05-14,,LIDL UK SIDMOUTH SIDMOUTH GBR,-5.13,Home,"Food, Groceries, Household",
,2018-05-07,,LIDL UK EXMOUTH,-6.23,Home,"Food, Groceries, Household",
,2018-05-08,,Lidl Uk Exmouth Exmouth GBR on 07 May,-6.23,Home,"Food, Groceries, Household",
,2018-04-17,,CO-OP GROUP 160050,-5.08,Home,"Food, Groceries, Household",
AquaCard,2018-05-14,,MARTIN MCCOLL DEVON GBR,-2.79,Home,"Food, Groceries, Household",
Reward Current Account,2017-12-22,,TESCO STORES 2487 CD 3529 DEB,-9.65,Home,"Food, Groceries, Household",
Reward Current Account,2018-01-05,,TESCO STORES 2487 CD 3529 DEB,-9.96,Home,"Food, Groceries, Household",
Reward Current Account,2017-12-29,,TESCO STORE 2487 CD 3529 DEB,-10.64,Home,"Food, Groceries, Household",
Reward Current Account,2018-01-04,,TESCO STORE 2487 CD 3529 DEB,-15.02,Home,"Food, Groceries, Household",
Reward Current Account,2018-01-09,,LIDL UK CD 3529 DEB,-30.90,Home,"Food, Groceries, Household",
Reward Current Account,2018-01-15,,CO-OP GROUP 160050 CD 3529 DEB,-1.14,Home,"Food, Groceries, Household",
Reward Current Account,2018-01-16,,ALDI 49 780 CD 3529 DEB,-11.63,Home,"Food, Groceries, Household",
Reward Current Account,2018-01-16,,TESCO STORE 2487 CD 3529 DEB,-8.84,Home,"Food, Groceries, Household",
Reward Current Account,2018-01-15,,TESCO STORES 2487 CD 3529 DEB,-3.39,Home,"Food, Groceries, Household",
Reward Current Account,2017-12-05,,SPAR SIDFORD CD 3511 DEB,-20.75,Home,"Food, Groceries, Household",
Reward Current Account,2017-12-18,,TESCO STORES 2487 CD 3511 DEB,-4.70,Home,"Food, Groceries, Household",
Reward Current Account,2017-11-30,,LIDL UK CD 3511 DEB,-6.07,Home,"Food, Groceries, Household",
Reward Current Account,2017-11-10,,SPAR MAGDALEN CD 3511 DEB,-3.30,Home,"Food, Groceries, Household",
Reward Current Account,2017-11-13,,TESCO STORES 6061 CD 3511 DEB,-3.10,Home,"Food, Groceries, Household",
Reward Current Account,2017-11-13,,LIDL UK CD 3511 DEB,-8.83,Home,"Food, Groceries, Household",
Reward Current Account,2017-11-13,,SPAR MAGDALEN CD 3511 DEB,-4.58,Home,"Food, Groceries, Household",
Reward Current Account,2017-11-13,,CENTRAL ENG COOP CD 3511 DEB,-4.19,Home,"Food, Groceries, Household",
Reward Current Account,2017-11-13,,SPAR MAGDALEN CD 3511 DEB,-21.00,Home,"Food, Groceries, Household",
Reward Current Account,2017-08-30,,TESCO STORES 2487 CD 3511 DEB,-5.62,Home,"Food, Groceries, Household",
Reward Current Account,2017-08-29,,LIDL UK CD 3511 DEB,-5.34,Home,"Food, Groceries, Household",
Reward Current Account,2017-08-29,,MARTIN MCCOLL CD 3511 DEB,-29.99,Home,"Food, Groceries, Household",
Reward Current Account,2017-08-29,,SPAR SIDFORD CD 3511 DEB,-6.89,Home,"Food, Groceries, Household",
Reward Current Account,2017-09-07,,LIDL UK CD 3511 DEB,-43.73,Home,"Food, Groceries, Household",
Reward Current Account,2017-09-07,,ALDI CD 3511 DEB,-21.94,Home,"Food, Groceries, Household",
Reward Current Account,2017-09-05,,BUDGENS CD 3511 DEB,-0.35,Home,"Food, Groceries, Household",
Reward Current Account,2017-07-24,,LIDL UK CD 3511 DEB,-20.73,Home,"Food, Groceries, Household",
Reward Current Account,2017-07-25,,LIDL UK CD 3511 DEB,-3.37,Home,"Food, Groceries, Household",
Reward Current Account,2017-08-14,,LIDL UK CD 3511 DEB,-1.57,Home,"Food, Groceries, Household",
Reward Current Account,2017-08-21,,LIDL UK CD 3511 DEB,-10.98,Home,"Food, Groceries, Household",
Reward Current Account,2017-08-22,,LIDL UK CD 3511 DEB,-8.33,Home,"Food, Groceries, Household",
Reward Current Account,2017-08-22,,CO-OP GROUP 160470 CD 3511 DEB,-0.55,Home,"Food, Groceries, Household",
Reward Current Account,2017-08-14,,LIDL UK CD 3511 DEB,-9.22,Home,"Food, Groceries, Household",
Reward Current Account,2017-09-07,,ICELAND CD 3511 DEB,-5.83,Home,"Food, Groceries, Household",
Reward Current Account,2017-09-15,,LIDL UK CD 3511 DEB,-40.67,Home,"Food, Groceries, Household",
Reward Current Account,2017-10-02,,TESCO STORES 2490 CD 3511 DEB,-5.35,Home,"Food, Groceries, Household",
Reward Current Account,2017-09-26,,LIDL UK CD 3511 DEB,-67.36,Home,"Food, Groceries, Household",
Reward Current Account,2017-09-22,,ALDI 46 780 CD 3511 DEB,-1.93,Home,"Food, Groceries, Household",
Reward Current Account,2017-10-30,,LIDL UK CD 3511 DEB,-8.00,Home,"Food, Groceries, Household",
Reward Current Account,2017-10-30,,MARTIN MCCOLL CD 3511 DEB,-14.47,Home,"Food, Groceries, Household",
Reward Current Account,2017-10-27,,LIDL UK CD 3511 DEB,-6.47,Home,"Food, Groceries, Household",
Reward Current Account,2017-11-01,,LIDL UK CD 3511 DEB,-3.94,Home,"Food, Groceries, Household",
Reward Current Account,2017-11-01,,ALDI 22 780 CD 3511 DEB,-8.28,Home,"Food, Groceries, Household",
Reward Current Account,2017-11-02,,LIDL UK CD 3511 DEB,-6.53,Home,"Food, Groceries, Household",
Reward Current Account,2017-10-30,,MARTIN MCCOLL CD 3511 DEB,-3.00,Home,"Food, Groceries, Household",
Reward Current Account,2017-11-02,,SPAR MAGDALEN CD 3511 DEB,-3.84,Home,"Food, Groceries, Household",
Reward Current Account,2017-11-06,,LIDL UK CD 3511 DEB,-8.96,Home,"Food, Groceries, Household",
Reward Current Account,2017-11-06,,LIDL UK CD 3511 DEB,-4.39,Home,"Food, Groceries, Household",
Reward Current Account,2017-11-06,,TESCO STORE 2487 CD 3511 DEB,-32.80,Home,"Food, Groceries, Household",
Reward Current Account,2017-11-07,,SAINSBURYS S/MKTS CD 3511 DEB,-32.34,Home,"Food, Groceries, Household",
Reward Current Account,2018-02-23,,TESCO STORES 2487 CD 3529 DEB,-5.05,Home,"Food, Groceries, Household",
Reward Current Account,2018-02-21,,LIDL UK CD 3529 DEB,-12.22,Home,"Food, Groceries, Household",
Reward Current Account,2018-03-05,,CO-OP GROUP 160050 CD 3529 DEB,-3.63,Home,"Food, Groceries, Household",
Reward Current Account,2018-02-14,,ALDI 49 780 CD 3529 DEB,-8.93,Home,"Food, Groceries, Household",
Reward Current Account,2018-03-19,,ALDI 46 780 CD 3537 DEB,-10.76,Home,"Food, Groceries, Household",
Reward Current Account,2018-03-14,,SPAR MAGDALEN CD 3537 DEB,-2.99,Home,"Food, Groceries, Household",
Reward Current Account,2018-03-08,,TESCO STORE 2487 CD 3529 DEB,-9.43,Home,"Food, Groceries, Household",
Reward Current Account,2018-03-06,,ALDI 49 780 CD 3529 DEB,-4.03,Home,"Food, Groceries, Household",
Reward Current Account,2018-03-05,,ALDI 49 780 CD 3529 DEB,-15.61,Home,"Food, Groceries, Household",
Reward Current Account,2018-01-18,,LIDL UK CD 3529 DEB,-14.17,Home,"Food, Groceries, Household",
Reward Current Account,2018-01-19,,MARTIN MCCOLL CD 3529 DEB,-3.00,Home,"Food, Groceries, Household",
Reward Current Account,2018-01-19,,TESCO STORES 2487 CD 3529 DEB,-4.39,Home,"Food, Groceries, Household",
Reward Current Account,2018-02-07,,SAINSBURYS S/MKTS CD 3529 DEB,-4.00,Home,"Food, Groceries, Household",
Reward Current Account,2018-02-12,,ALDI 49 780 CD 3529 DEB,-15.52,Home,"Food, Groceries, Household",
Reward Current Account,2018-02-07,,ALDI 22 780 CD 3529 DEB,-32.23,Home,"Food, Groceries, Household",
Reward Current Account,2018-02-02,,TESCO STORES 2487 CD 3529 DEB,-5.10,Home,"Food, Groceries, Household",
Reward Current Account,2018-01-26,,LIDL UK CD 3529 DEB,-64.39,Home,"Food, Groceries, Household",
Reward Current Account,2018-01-24,,LIDL UK CD 3529 DEB,-5.93,Home,"Food, Groceries, Household",
Reward Current Account,2018-01-29,,MARTIN MCCOLL CD 3529 DEB,-1.54,Home,"Food, Groceries, Household",
Reward Current Account,2018-01-30,,MARTIN MCCOLL CD 3529 DEB,-1.96,Home,"Food, Groceries, Household",
Reward Current Account,2018-01-30,,CO-OP GROUP 160050 CD 3529 DEB,-2.38,Home,"Food, Groceries, Household",
Reward Current Account,2018-03-20,,POUNDLAND LTD 1051 CD 3537 DEB,-9.05,Home,"Food, Groceries, Household",
Reward Current Account,2018-03-21,,SOUTHERN CO-OP 037 CD 3537 DEB,-4.20,Home,"Food, Groceries, Household",
Reward Current Account,2018-03-20,,SAINSBURYS S/MKTS CD 3537 DEB,-2.69,Home,"Food, Groceries, Household",
Reward Current Account,2018-03-20,,ALDI 49 780 CD 3537 DEB,-12.01,Home,"Food, Groceries, Household",
Reward Current Account,2018-03-26,,TESCO STORES 2487 CD 3537 DEB,-6.80,Home,"Food, Groceries, Household",
Reward Current Account,2018-03-26,,SPAR SIDFORD CD 3537 DEB,-3.31,Home,"Food, Groceries, Household",
Reward Current Account,2018-03-26,,TESCO STORES 2487 CD 3537 DEB,-0.17,Home,"Food, Groceries, Household",
Reward Current Account,2018-04-20,,SPAR MAGDALEN CD 3537 DEB,-3.99,Home,"Food, Groceries, Household",
Reward Current Account,2018-04-23,,MARTIN MCCOLL CD 3537 DEB,-13.99,Home,"Food, Groceries, Household",
Reward Current Account,2018-05-14,,SAINSBURYS S/MKTS CD 3537 DEB,-9.80,Home,"Food, Groceries, Household",
Reward Current Account,2018-05-09,,LIDL UK EXETER CD 3537 DEB,-13.31,Home,"Food, Groceries, Household",
Reward Current Account,2018-05-11,,CO-OP GROUP 160050 CD 3537 DEB,-4.83,Home,"Food, Groceries, Household",
Reward Current Account,2018-05-14,,CO-OP GROUP XX0050 CD 3537 DEB,-2.05,Home,"Food, Groceries, Household",
Reward Current Account,2018-05-02,,CO-OP GROUP 160050 CD 3537 DEB,-0.49,Home,"Food, Groceries, Household",
Reward Current Account,2018-05-02,,MARTIN MCCOLL CD 3537 DEB,-1.00,Home,"Food, Groceries, Household",
Reward Current Account,2018-05-08,,HOME BARGAINS CD 3537 DEB,-11.17,Home,"Food, Groceries, Household",
Reward Current Account,2018-05-08,,CO-OP GROUP 160050 CD 3537 DEB,-7.08,Home,"Food, Groceries, Household",
Reward Current Account,2018-05-04,,SPAR MAGDALEN CD 3537 DEB,-5.82,Home,"Food, Groceries, Household",
Reward Current Account,2018-04-30,,CO-OP GROUP 160050 CD 3537 DEB,-4.09,Home,"Food, Groceries, Household",
Reward Current Account,2018-05-02,,SAINSBURYS S/MKTS CD 3537 DEB,-3.25,Home,"Food, Groceries, Household",
Reward Current Account,2018-04-30,,CO-OP GROUP 160050 CD 3537 DEB,-0.49,Home,"Food, Groceries, Household",
Reward Current Account,2018-04-25,,ALDI 49 780 CD 3537 DEB,-39.57,Home,"Food, Groceries, Household",
Reward Current Account,2018-05-08,,THE RANGE CD 3537 DEB,-1.29,Home,,
Reward Current Account,2018-01-19,,B&M RETAIL CD 3529 DEB,-4.28,Home,,
Reward Current Account,2017-10-13,,B&M RETAIL CD 3511 DEB,-0.89,Home,,
Reward Current Account,2017-09-07,,WILKO RETAIL LIMIT CD 3511 DEB,-0.50,Home,,
Reward Current Account,2017-11-16,,B&M RETAIL CD 3511 DEB,-0.29,Home,,
Reward Current Account,2017-12-18,,B&M RETAIL CD 3511 DEB,-3.58,Home,,
AquaCard,2018-05-05,,ARGOS LTD HONITON GBR,-1.00,Home,,
AquaCard,2018-05-05,,ARGOS LTD HONITON GBR,-59.95,Home,,
Cardcash,2018-04-03,,WILKO RETAIL LIMIT CD 4581 DEB,-6.00,Home,,
Reward Current Account,2018-04-26,,SCREWFIX CD 3537 DEB,-7.99,Home,Home DIY or Repairs,
Reward Current Account,2018-05-17,,AXA INSURANCE UK 3XXXXXXXX-X2451DAH DD,-48.80,Insurance,,
Reward Current Account,2018-04-17,,AXA INSURANCE UK xxxxxx129-62451D9H DD,-48.80,Insurance,,
Reward Current Account,2018-01-26,,AXA INSURANCE CD 3529 DEB,-97.57,Insurance,,
Reward Current Account,2018-03-19,,AXA INSURANCE UK xxxxxx129-62451D8H DD,-48.80,Insurance,,
Reward Current Account,2018-02-19,,AXA INSURANCE UK xxxxxx129-62451D7H DD,-48.80,Insurance,,
Reward Current Account,2017-12-28,,WWW.SWINTON.CO.UK CD 3529 DEB,-53.54,Insurance,,
Cardcash,2018-01-09,,SWINTON GROUP LTD xxxx432/0/D1 DD,-72.54,Insurance,,
Cardcash,2017-12-19,,SWINTON GROUP LTD xxxx432/0/D1 DD,-53.54,Insurance,,
Cardcash,2017-12-11,,SWINTON GROUP LTD xxxx432/0/D1 DD,-53.54,Insurance,,
Cardcash,2017-11-17,,SWINTON GROUP LTD xxxx432/0/D1 DD,-44.05,Insurance,,
Reward Current Account,2018-06-19,,AXA INSURANCE UK 3XXXXXXXX-X2451DBH DD,-48.80,Insurance,,
Cardcash,2017-10-09,,SWINTON GROUP LTD xxxx432/0/D1 DD,-44.05,Insurance,,
Cardcash,2017-11-09,,SWINTON GROUP LTD xxxx432/0/D1 DD,-44.05,Insurance,,
Cardcash,2017-09-11,,SWINTON GROUP LTD xxxx432/0/D1 DD,-44.05,Insurance,,
Cardcash,2017-08-09,,SWINTON GROUP LTD xxxx432/0/D1 DD,-44.05,Insurance,,
Cardcash,2017-07-10,,SWINTON GROUP LTD xxxx432/0/D1 DD,-44.05,Insurance,,
Cardcash,2017-05-09,,SWINTON GROUP LTD xxxx432/0/D1 DD,-44.05,Insurance,,
Cardcash,2017-06-09,,SWINTON GROUP LTD xxxx432/0/D1 DD,-44.05,Insurance,,
Reward Current Account,2017-11-16,,POST OFFICE COUNTE CD 3511 DEB,-0.98,One-off or Other,,
Reward Current Account,2017-11-09,,E FITTON xxxxxx xxxx9632 TFR,-50.00,Transfers,,
Reward Current Account,2017-09-01,,E FITTON xxxxxx xxxx9632 TFR,-100.00,Transfers,,
Reward Current Account,2017-09-04,,E FITTON 02SEP17 xxxxxx xxxx9632 TFR,-30.00,Transfers,,
Reward Current Account,2017-08-30,,E FITTON xxxxxx xxxx9632 TFR,-20.00,Transfers,,
Reward Current Account,2017-08-30,,E FITTON xxxxxx xxxx9632 TFR,-20.00,Transfers,,
Reward Current Account,2017-08-18,,E FITTON xxxxxx xxxx9632 TFR,-20.00,Transfers,,
Reward Current Account,2017-08-04,,E FITTON xxxxxx xxxx9632 TFR,-3.00,Transfers,,
Reward Current Account,2017-06-30,,E FITTON xxxxxx xxxx9632 TFR,-100.00,Transfers,,
Reward Current Account,2017-06-05,,E FITTON xxxxxx xxxx9632 TFR,-15.00,Transfers,,
Reward Current Account,2017-06-05,,E FITTON xxxxxx xxxx9632 TFR,-42.00,Transfers,,
Reward Current Account,2017-05-08,,E FITTON 07MAY17 xxxxxx xxxx9632 TFR,-19.00,Transfers,,
Reward Current Account,2017-05-03,,E FITTON xxxxxx xxxx9632 TFR,-90.00,Transfers,,
Reward Current Account,2017-05-03,,E FITTON xxxxxx xxxx9632 TFR,-200.00,Transfers,,
Reward Current Account,2017-05-05,,E FITTON xxxxxx xxxx9632 TFR,-25.00,Transfers,,
Reward Current Account,2017-10-16,,E FITTON 14OCT17 xxxxxx xxxx9632 TFR,-20.00,Transfers,,
Reward Current Account,2017-10-02,,E FITTON xxxxxx xxxx9632 TFR,10.00,Transfers,,
Reward Current Account,2017-10-09,,E FITTON 07OCT17 xxxxxx xxxx9632 TFR,-26.89,Transfers,,
Reward Current Account,2017-09-11,,E FITTON 10SEP17 xxxxxx xxxx9632 TFR,-120.00,Transfers,,
Reward Current Account,2018-03-14,,E FITTON xxxxxx xxxx9632 TFR,-200.00,Transfers,,
Reward Current Account,2018-02-05,,JONATHAN P FITTON ELWOOD TFR,-100.00,Transfers,,
Reward Current Account,2018-01-18,,JONATHAN P FITTON ELWOOD TFR,-100.00,Transfers,,
Reward Current Account,2018-04-09,,E FITTON 07APR18 xxxxxx xxxx9632 TFR,-8.00,Transfers,,
Reward Current Account,2018-04-24,,E FITTON xxxxxx xxxx9632 TFR,-250.00,Transfers,,
Reward Current Account,2018-04-09,,E FITTON 07APR18 xxxxxx xxxx9632 TFR,-10.00,Transfers,,
Reward Current Account,2018-04-09,,E FITTON 07APR18 xxxxxx xxxx9632 TFR,-50.00,Transfers,,
Reward Current Account,2018-04-03,,E FITTON 31MAR18 xxxxxx xxxx9632 TFR,-20.00,Transfers,,
Reward Current Account,2018-04-04,,E FITTON xxxxxx xxxx9632 TFR,-100.00,Transfers,,
Reward Current Account,2018-03-27,,E FITTON xxxxxx xxxx9632 TFR,-30.00,Transfers,,
Reward Current Account,2018-03-27,,E FITTON xxxxxx xxxx9632 TFR,-100.00,Transfers,,
Reward Current Account,2018-04-03,,E FITTON xxxxxx xxxx9632 TFR,-50.00,Transfers,,
Reward Current Account,2018-04-03,,E FITTON 31MAR18 xxxxxx xxxx9632 TFR,-50.00,Transfers,,
Reward Current Account,2018-04-03,,E FITTON 30MAR18 xxxxxx xxxx9632 TFR,-50.00,Transfers,,
Reward Current Account,2018-05-17,,E FITTON XXXXXX XXXX9632 TFR,-50.00,Transfers,,
Cardcash,2017-06-30,,E FITTON xxxxxx xxxx3002 TFR,100.00,Transfers,,
Cardcash,2017-06-05,,E FITTON xxxxxx xxxx3002 TFR,42.00,Transfers,,
Cardcash,2017-06-05,,E FITTON xxxxxx xxxx3002 TFR,15.00,Transfers,,
Cardcash,2017-05-05,,E FITTON xxxxxx xxxx3002 TFR,25.00,Transfers,,
Cardcash,2017-05-03,,E FITTON xxxxxx xxxx3002 TFR,90.00,Transfers,,
Cardcash,2017-05-03,,E FITTON xxxxxx xxxx3002 TFR,200.00,Transfers,,
Reward Current Account,2018-07-09,,JONATHAN P FITTON ELWOOD TFR,-221.29,Transfers,,
Reward Current Account,2018-07-09,,JONATHAN P FITTON ELWOOD TFR,-60.00,Transfers,,
Reward Current Account,2018-07-10,,E FITTON XXXXXX XXXX9632 TFR,-80.00,Transfers,,
Reward Current Account,2018-07-02,,A B DRACAYCOTT XXXXXXXXXXXXXX0689 02JUL18 19:58 FPO,-120.00,Transfers,,
Cardcash,2017-08-30,,E FITTON xxxxxx xxxx3002 TFR,20.00,Transfers,,
Cardcash,2017-08-30,,E FITTON xxxxxx xxxx3002 TFR,20.00,Transfers,,
Cardcash,2017-08-18,,E FITTON xxxxxx xxxx3002 TFR,20.00,Transfers,,
Cardcash,2017-09-01,,E FITTON xxxxxx xxxx3002 TFR,100.00,Transfers,,
Cardcash,2017-08-04,,E FITTON xxxxxx xxxx3002 TFR,3.00,Transfers,,
Cardcash,2017-11-09,,E FITTON xxxxxx xxxx3002 TFR,50.00,Transfers,,
Cardcash,2017-10-02,,E FITTON xxxxxx xxxx3002 TFR,-10.00,Transfers,,
Cardcash,2017-10-02,,E FITTON 01OCT17 xxxxxx xxxx3002 TFR,-10.00,Transfers,,
Reward Current Account,2018-07-02,,JONATHAN P FITTON ELWOOD 30JUN18 TFR,-50.00,Transfers,,
Reward Current Account,2018-06-01,,E FITTON XXXXXX XXXX9632 TFR,-100.00,Transfers,,
Cardcash,2017-12-04,,E FITTON 03DEC17 xxxxxx xxxx3002 TFR,-6.43,Transfers,,
Cardcash,2018-03-14,,E FITTON xxxxxx xxxx3002 TFR,200.00,Transfers,,
Cardcash,2018-03-27,,E FITTON xxxxxx xxxx3002 TFR,100.00,Transfers,,
Cardcash,2018-03-27,,E FITTON xxxxxx xxxx3002 TFR,30.00,Transfers,,
Cardcash,2018-04-24,,E FITTON xxxxxx xxxx3002 TFR,250.00,Transfers,,
Cardcash,2018-04-03,,E FITTON xxxxxx xxxx3002 TFR,50.00,Transfers,,
Cardcash,2018-04-04,,E FITTON xxxxxx xxxx3002 TFR,100.00,Transfers,,
AquaCard,2018-05-07,,OTTERY ST MARY SER DEVON xxxx481 GBR,-13.02,Transfers,,
AquaCard,2018-05-13,,OTTERY ST MARY SER DEVON XXX0481 GBR,-3.19,Transfers,,
AquaCard,2018-05-14,,EXXXXXXXXXX0000 ST MARY GBR,-30.00,Transfers,,
,2018-05-07,,OTTERY ST MARY SER,-10.65,Transfers,,
,2018-05-08,,Ottery St Mary Ser Devon XXX0481 on 07 May,-10.65,Transfers,,
,2018-05-22,,OTTERY ST MARY SER,-11.62,Transfers,,
,2018-04-10,,Dvla Vehicle Tax 0300 xxxx321 on 09 Apr,-85.25,Transport,,
Cardcash,2017-10-02,,DVLA-KR05JFU xxxxxxxxxxxxxx8939 DD,-2.62,Transport,,
Cardcash,2017-09-01,,DVLA-KR05JFU xxxxxxxxxxxxxx8939 DD,-2.62,Transport,,
Cardcash,2017-08-01,,DVLA-KR05JFU xxxxxxxxxxxxxx8939 DD,-2.62,Transport,,
Cardcash,2017-05-02,,DVLA-KR05JFU xxxxxxxxxxxxxx8939 DD,-2.62,Transport,,
Cardcash,2017-06-01,,DVLA-KR05JFU xxxxxxxxxxxxxx8939 DD,-2.62,Transport,,
Cardcash,2017-06-07,,DVLA-KR05JFU xxxxxxxxxxxxxx8939 DD,-2.62,Transport,,
Cardcash,2017-07-03,,DVLA-KR05JFU xxxxxxxxxxxxxx8939 DD,-2.62,Transport,,
